Source,Target
joeyabaigar6727,-9bhyHg3d10
kylelevinson7506,-2GOtnGXwpY
aichujohnson8444,-9bhyHg3d10
yeety1203,-2GOtnGXwpY
piccadelly9360 (Reply to Comment ID: Ugx5wFoTxd2d_cGVrIl4AaABAg),-CgqgkQ-CO4
user-fl7xe4kl5d (Reply to Comment ID: Ugy2C4QktdOModb3ONl4AaABAg),-CgqgkQ-CO4
davidwoody5228,-2GOtnGXwpY
chourtout (Reply to Comment ID: UgyHs0AQ2RmIzjoZr5J4AaABAg),-CgqgkQ-CO4
simonburgess5968 (Reply to Comment ID: UgxXD8HtAuhayaGKWn14AaABAg),-9bhyHg3d10
joemaserati6639,-2GOtnGXwpY
johnoconnor8453,-9bhyHg3d10
leekmittens9343,-9bhyHg3d10
Bobfett1982,-9bhyHg3d10
Seadog63 (Reply to Comment ID: Ugyx8qfDMRUBnSrPztx4AaABAg),-2GOtnGXwpY
mydogbrian4814,-2GOtnGXwpY
edhigbee9937,-9bhyHg3d10
carlswainston7918,-9bhyHg3d10
jeanie6936 (Reply to Comment ID: UgwfWB_y-lVb5TMgdbx4AaABAg),-CgqgkQ-CO4
1220b,-CgqgkQ-CO4
billirvine8007,-9bhyHg3d10
Yes-es8it (Reply to Comment ID: Ugwdh-CurWLhPm6F9fd4AaABAg),-9bhyHg3d10
73chengosaro4 (Reply to Comment ID: UgzGOOSlqiXImhccpbx4AaABAg),-CgqgkQ-CO4
andrewmontgomery8428,-9bhyHg3d10
user-qm7hq6hz9x,-CgqgkQ-CO4
PrestonStewart (Reply to Comment ID: UgwjlyL4Xo9f0VnLLTp4AaABAg),-2GOtnGXwpY
ianstewart6021,-9bhyHg3d10
jtf2dan (Reply to Comment ID: UgzGOOSlqiXImhccpbx4AaABAg),-CgqgkQ-CO4
LehmannMr (Reply to Comment ID: UgzEB2NWuR2WASa4REB4AaABAg),-9bhyHg3d10
moisesperez4605,-2GOtnGXwpY
connorkeegan3905,-2GOtnGXwpY
genelarson6849 (Reply to Comment ID: UgzEB2NWuR2WASa4REB4AaABAg),-9bhyHg3d10
ardiii746,-CgqgkQ-CO4
jessetagle4512,-CgqgkQ-CO4
user-vs8og7og3z,-CgqgkQ-CO4
AnoNymInvestor,-CgqgkQ-CO4
libertarianbydefault (Reply to Comment ID: UgwNLjKO8wWhrgP3Qo14AaABAg),-9bhyHg3d10
leetorode3685,-CgqgkQ-CO4
unkownknown8531,-9bhyHg3d10
KomradeMatt,-2GOtnGXwpY
paulfaigl8329 (Reply to Comment ID: UgwxziA77YLAwuNz9sJ4AaABAg),-9bhyHg3d10
nycj3ahudson341,-CgqgkQ-CO4
teresaolszanka112 (Reply to Comment ID: Ugwdh-CurWLhPm6F9fd4AaABAg),-9bhyHg3d10
StephenGlencross-yg4nt,-9bhyHg3d10
Wildriff,-9bhyHg3d10
Hello_there_obi,-2GOtnGXwpY
aleksiklove2755 (Reply to Comment ID: UgzxVxbIMFXeO2C1C2x4AaABAg),-CgqgkQ-CO4
andyhughes1776,-9bhyHg3d10
joelgoetz3691,-2GOtnGXwpY
dharmawangsa9592,-CgqgkQ-CO4
paulfaigl8329 (Reply to Comment ID: UgwUq91cWCyy84jIa1d4AaABAg),-9bhyHg3d10
zbyszanna (Reply to Comment ID: UgxNla-xm69N4GWlirx4AaABAg),-2GOtnGXwpY
allanjstark,-9bhyHg3d10
iriemon1796,-9bhyHg3d10
rayhogan796,-2GOtnGXwpY
sandybrown4957 (Reply to Comment ID: Ugz80j5ckF8OrnyQQ6d4AaABAg),-CgqgkQ-CO4
MrArtist7777 (Reply to Comment ID: UgwglTwZUi4JVddddg54AaABAg),-9bhyHg3d10
henrikhansborg7491,-2GOtnGXwpY
RobertoEarnywho,-9bhyHg3d10
UFO_channel (Reply to Comment ID: Ugx_ck5JaBO6o_X1wDd4AaABAg),-CgqgkQ-CO4
emmanuelubaha5815,-9bhyHg3d10
Brian-om2hh (Reply to Comment ID: Ugz1kKABM0xANCRTkHJ4AaABAg),-CgqgkQ-CO4
garybeck8836,-2GOtnGXwpY
user-ry9sz3wb3r,-9bhyHg3d10
bryantimmins339,-CgqgkQ-CO4
johndhoe1854,-9bhyHg3d10
lucienleech-larkin7544,-9bhyHg3d10
_.R.F.X.L._,-9bhyHg3d10
saturn_in_blue,-9bhyHg3d10
StrongRespect (Reply to Comment ID: UgwNLjKO8wWhrgP3Qo14AaABAg),-9bhyHg3d10
hypnose4209,-2GOtnGXwpY
piccadelly9360 (Reply to Comment ID: UgwaP7uzHX6TYasHzZh4AaABAg),-CgqgkQ-CO4
JD-kg3mx,-2GOtnGXwpY
jamesdevito4286,-9bhyHg3d10
willymueller3278 (Reply to Comment ID: UgzEB2NWuR2WASa4REB4AaABAg),-9bhyHg3d10
alpinestar6125 (Reply to Comment ID: UgxrCqhweXYBn_ic4OF4AaABAg),-9bhyHg3d10
user-gv7wj9rs1o,-9bhyHg3d10
Mibas_ (Reply to Comment ID: Ugz1kKABM0xANCRTkHJ4AaABAg),-CgqgkQ-CO4
christinestranz2775,-9bhyHg3d10
aggressivelancer,-2GOtnGXwpY
MrScotia,-9bhyHg3d10
Dark_Bandon,-CgqgkQ-CO4
ivicastanonkovski8338 (Reply to Comment ID: UgxuSVRSNXucvoQeN614AaABAg),-9bhyHg3d10
joehenderson8967,-2GOtnGXwpY
pakde8002,-2GOtnGXwpY
pipopoikapelaa5468 (Reply to Comment ID: Ugyv_eO_XS8dYIhTF0l4AaABAg),-2GOtnGXwpY
KuvDabGib,-CgqgkQ-CO4
YaBoiAlex (Reply to Comment ID: Ugwxs3EPYX6XK0jyJIt4AaABAg),-9bhyHg3d10
mariano7699,-2GOtnGXwpY
jamesrose1460,-2GOtnGXwpY
55xr28,-9bhyHg3d10
freedomfirst5557,-CgqgkQ-CO4
sarathdassanaike2807,-9bhyHg3d10
valentyn.kostiuk,-2GOtnGXwpY
Arno56-ci1pp (Reply to Comment ID: Ugy2C4QktdOModb3ONl4AaABAg),-CgqgkQ-CO4
user-mi2qw3ns4u,-9bhyHg3d10
tommorrison8864,-9bhyHg3d10
absoluteit1614 (Reply to Comment ID: UgxrVp8ConEUa4sJgNZ4AaABAg),-CgqgkQ-CO4
2003AudiS3 (Reply to Comment ID: UgyVSywgom1LVzYsoUp4AaABAg),-CgqgkQ-CO4
nourredineboucham9094 (Reply to Comment ID: Ugw3o-62LTDCkAqjZ6J4AaABAg),-9bhyHg3d10
joesaba386 (Reply to Comment ID: Ugy1jeG7_-HQJDfyZU94AaABAg),-9bhyHg3d10
MrClassiccarenthusia,-2GOtnGXwpY
user-wf1bo6cg4y,-9bhyHg3d10
biggtrux,-CgqgkQ-CO4
aleksandrtelnov909,-9bhyHg3d10
aleksandarjokic2918 (Reply to Comment ID: Ugy2C4QktdOModb3ONl4AaABAg),-CgqgkQ-CO4
megakiller84 (Reply to Comment ID: UgzEDqWugARyRbn90tZ4AaABAg),-CgqgkQ-CO4
Biostalker420 (Reply to Comment ID: UgxrCqhweXYBn_ic4OF4AaABAg),-9bhyHg3d10
sanjayafernando4534 (Reply to Comment ID: UgzEB2NWuR2WASa4REB4AaABAg),-9bhyHg3d10
dukecraig2402 (Reply to Comment ID: UgxF-POp0Emr2eUkIKR4AaABAg),-2GOtnGXwpY
2003AudiS3 (Reply to Comment ID: Ugy9qKOtaFBAlPQGvBR4AaABAg),-CgqgkQ-CO4
gegwen7440,-9bhyHg3d10
thatonevodkalover (Reply to Comment ID: UgyZ2IH_-ZEk5a0m37t4AaABAg),-2GOtnGXwpY
antoniodejesusviveiros528 (Reply to Comment ID: Ugxj_9EMmXOLNmawC7p4AaABAg),-CgqgkQ-CO4
luisduque4506,-9bhyHg3d10
nicholasanthonyothienoabin8994,-9bhyHg3d10
Awibrahor (Reply to Comment ID: Ugw7JRIZczttS1dVuo14AaABAg),-CgqgkQ-CO4
megavide0 (Reply to Comment ID: Ugwdh-CurWLhPm6F9fd4AaABAg),-9bhyHg3d10
kkkoooii (Reply to Comment ID: Ugw3Iz8IICEOoVjGHRd4AaABAg),-9bhyHg3d10
willhickey7387 (Reply to Comment ID: UgyvXj9tju6YVjMocid4AaABAg),-9bhyHg3d10
ilianavazquez3135,-2GOtnGXwpY
skoobdavinci2247,-2GOtnGXwpY
mota478,-2GOtnGXwpY
muhamadaliali4788,-9bhyHg3d10
everythingisvibration,-2GOtnGXwpY
FozzyZ28 (Reply to Comment ID: UgyjYWsbEH1QCzH8SMB4AaABAg),-2GOtnGXwpY
randomcheesebrgr528,-CgqgkQ-CO4
75-qt2hp (Reply to Comment ID: Ugy2C4QktdOModb3ONl4AaABAg),-CgqgkQ-CO4
dristenwatford4278,-2GOtnGXwpY
Rolf_A_Shepherd,-2GOtnGXwpY
user-bb1dw2ke4u,-9bhyHg3d10
KevinMcManus-hr2zo,-9bhyHg3d10
mordsythe,-2GOtnGXwpY
engineerenginering8633 (Reply to Comment ID: UgxX8WT_ArdI5hkVBcp4AaABAg),-9bhyHg3d10
mouseblackcat5263,-2GOtnGXwpY
tobiconsolidateworld4568,-9bhyHg3d10
mikonda,-9bhyHg3d10
foldedchicken4634 (Reply to Comment ID: UgyjYWsbEH1QCzH8SMB4AaABAg),-2GOtnGXwpY
radish848,-9bhyHg3d10
The_D_Man,-9bhyHg3d10
REwing,-9bhyHg3d10
alexv2915,-9bhyHg3d10
bigdaddyskiis,-2GOtnGXwpY
GR-zf5dm,-CgqgkQ-CO4
ehteshamali8319,-9bhyHg3d10
taklai2390,-9bhyHg3d10
duanemarshall1889,-2GOtnGXwpY
Tom-ym7bm (Reply to Comment ID: Ugwdh-CurWLhPm6F9fd4AaABAg),-9bhyHg3d10
patzBm84,-CgqgkQ-CO4
robertrakestraw6386,-2GOtnGXwpY
ilyeshmusic,-9bhyHg3d10
verhoevenjohn5628,-9bhyHg3d10
75-qt2hp (Reply to Comment ID: Ugw_imWAmRVv7WGirR54AaABAg),-CgqgkQ-CO4
antonyswamyedwardirudayara576,-CgqgkQ-CO4
Titi-pourris,-CgqgkQ-CO4
letranger6750 (Reply to Comment ID: Ugw3o-62LTDCkAqjZ6J4AaABAg),-9bhyHg3d10
michaelgouws6992,-9bhyHg3d10
michaelsburger665,-9bhyHg3d10
Jholmesgamermasterisback (Reply to Comment ID: Ugwdh-CurWLhPm6F9fd4AaABAg),-9bhyHg3d10
user-ee7fi7pv5t,-9bhyHg3d10
user-qv9vq7gl5e (Reply to Comment ID: UgyvXj9tju6YVjMocid4AaABAg),-9bhyHg3d10
chris3640,-2GOtnGXwpY
kingpinconnor4973,-2GOtnGXwpY
mikecooper5096,-9bhyHg3d10
Tinfoilhelmets,-CgqgkQ-CO4
55xr28 (Reply to Comment ID: UgzEB2NWuR2WASa4REB4AaABAg),-9bhyHg3d10
Daniel-vw7mw (Reply to Comment ID: UgxDS2GvQLc6GNggkqJ4AaABAg),-9bhyHg3d10
craigpeters7842,-9bhyHg3d10
ragganyc (Reply to Comment ID: UgzciZ2KnvbAHXn5N654AaABAg),-CgqgkQ-CO4
lupus2848 (Reply to Comment ID: UgxuSVRSNXucvoQeN614AaABAg),-9bhyHg3d10
crispedurchin6186,-2GOtnGXwpY
queenmommie100 (Reply to Comment ID: Ugz_t-nBHXxSn91Rv9t4AaABAg),-9bhyHg3d10
Muromez2010,-2GOtnGXwpY
ant1374,-CgqgkQ-CO4
anticorruptionagenda5106 (Reply to Comment ID: UgyvXj9tju6YVjMocid4AaABAg),-9bhyHg3d10
jackjackson545,-CgqgkQ-CO4
voice.of.reason,-9bhyHg3d10
siphiwongqoza971,-9bhyHg3d10
iskaykabeya609 (Reply to Comment ID: UgxDS2GvQLc6GNggkqJ4AaABAg),-9bhyHg3d10
cortexreaver9484,-2GOtnGXwpY
samyadeepsengupta460,-CgqgkQ-CO4
saffron1977,-9bhyHg3d10
madumanadololo9784 (Reply to Comment ID: UgxuSVRSNXucvoQeN614AaABAg),-9bhyHg3d10
ralphgeyer8572,-9bhyHg3d10
75-qt2hp (Reply to Comment ID: Ugz80j5ckF8OrnyQQ6d4AaABAg),-CgqgkQ-CO4
kimikoo2130,-CgqgkQ-CO4
predatorishi (Reply to Comment ID: Ugwdh-CurWLhPm6F9fd4AaABAg),-9bhyHg3d10
richditlevsen4225,-9bhyHg3d10
ProjectPast1565,-2GOtnGXwpY
DB-xq3yn,-CgqgkQ-CO4
thebeautifulones5436,-2GOtnGXwpY
ferdiesevilleja4097,-9bhyHg3d10
dirkaminimo4836,-CgqgkQ-CO4
righteousbyfaithinChrist,-9bhyHg3d10
mohammedabdul2256,-9bhyHg3d10
FrankBenlin (Reply to Comment ID: UgwFuq9ZZAPfkN3vcrV4AaABAg),-CgqgkQ-CO4
recieve.believe3344 (Reply to Comment ID: UgzDDFPtcx29RO5X0oB4AaABAg),-9bhyHg3d10
Jonny_The_Organism (Reply to Comment ID: UgyVSywgom1LVzYsoUp4AaABAg),-CgqgkQ-CO4
tinkertailor7385,-CgqgkQ-CO4
masudarefin8200,-9bhyHg3d10
user-kz9ni8bo2i,-CgqgkQ-CO4
AntonioRomero-te4cb,-9bhyHg3d10
joyholtzhausen8976 (Reply to Comment ID: UgwRkG1W3zrniQEh_fF4AaABAg),-9bhyHg3d10
18ru55 (Reply to Comment ID: UgxEZW4dUr3vgKmqD7B4AaABAg),-CgqgkQ-CO4
suhak6039,-CgqgkQ-CO4
user-mi2qw3ns4u (Reply to Comment ID: Ugy2RSrz8OCF-1nTRZh4AaABAg),-9bhyHg3d10
fatcoyote2,-2GOtnGXwpY
AA-qf9pz,-9bhyHg3d10
user-es2iu1rx4x,-CgqgkQ-CO4
Picinacici,-2GOtnGXwpY
mickeystime2873,-2GOtnGXwpY
shploonsk (Reply to Comment ID: Ugxj_9EMmXOLNmawC7p4AaABAg),-CgqgkQ-CO4
martijnijsendoorn6911 (Reply to Comment ID: Ugy2C4QktdOModb3ONl4AaABAg),-CgqgkQ-CO4
MikeJohnsonPutinPuppet (Reply to Comment ID: UgxwiYm2lw3zEdTf6ct4AaABAg),-CgqgkQ-CO4
1sexymary,-9bhyHg3d10
user-xh8fy1ip6k,-9bhyHg3d10
joemiracle8271,-9bhyHg3d10
nikolazuzic,-9bhyHg3d10
ernestoglesby5342,-9bhyHg3d10
user-oc4zl8mu4m,-CgqgkQ-CO4
ronaldgrove3283,-9bhyHg3d10
user-yc4xf8cv5y,-CgqgkQ-CO4
jasoncummings7052,-9bhyHg3d10
reinharddittmar1982,-9bhyHg3d10
user-fb2hv9cy7y (Reply to Comment ID: UgzGOOSlqiXImhccpbx4AaABAg),-CgqgkQ-CO4
tikabass,-2GOtnGXwpY
veronicasavage1182,-9bhyHg3d10
bg-sk9su,-9bhyHg3d10
l1tsify950,-9bhyHg3d10
jackwacaster7621,-2GOtnGXwpY
lengxiong3061 (Reply to Comment ID: UgwglTwZUi4JVddddg54AaABAg),-9bhyHg3d10
ReaperOperator,-2GOtnGXwpY
Hunter-56,-CgqgkQ-CO4
Bonzai2350 (Reply to Comment ID: UgyBK38JlTriAC-Hm9N4AaABAg),-CgqgkQ-CO4
anthonymartinez4307,-9bhyHg3d10
user-gl6se9ki4p,-9bhyHg3d10
cinepost,-CgqgkQ-CO4
noahrosz3902,-2GOtnGXwpY
AntonioRomero-te4cb (Reply to Comment ID: UgzLa6UEAQl9uKy14nR4AaABAg),-9bhyHg3d10
daymal2717,-2GOtnGXwpY
joeylandry4933,-2GOtnGXwpY
julianbransky7168 (Reply to Comment ID: UgwfGlF4QaXjgSsuo9R4AaABAg),-CgqgkQ-CO4
deesmith6363 (Reply to Comment ID: UgxDS2GvQLc6GNggkqJ4AaABAg),-9bhyHg3d10
AmedoAme,-9bhyHg3d10
Walrus-ji4qz,-9bhyHg3d10
MMariT (Reply to Comment ID: Ugx4eWlnoBngzCYajT94AaABAg),-9bhyHg3d10
bombheadgames9565,-CgqgkQ-CO4
matthewwagner47,-9bhyHg3d10
premchandbaijnauth2942,-9bhyHg3d10
jonathanstein5049 (Reply to Comment ID: Ugyj5lKBLHMUcpEPvRl4AaABAg),-9bhyHg3d10
vlalid123,-9bhyHg3d10
davykins,-9bhyHg3d10
grvc44 (Reply to Comment ID: Ugy2C4QktdOModb3ONl4AaABAg),-CgqgkQ-CO4
ponz-,-2GOtnGXwpY
RareSense,-9bhyHg3d10
erikzhukovsky9742,-2GOtnGXwpY
pauldanaila1610 (Reply to Comment ID: UgwglTwZUi4JVddddg54AaABAg),-9bhyHg3d10
iskaykabeya609 (Reply to Comment ID: UgzBFWQgT-JjiNpCNmt4AaABAg),-9bhyHg3d10
iriemon1796 (Reply to Comment ID: Ugy1jeG7_-HQJDfyZU94AaABAg),-9bhyHg3d10
crazyirish__2171,-2GOtnGXwpY
derBleistiftkritzler,-2GOtnGXwpY
user-iv8bm1dh3y,-9bhyHg3d10
JasonW.,-2GOtnGXwpY
CS-zn6pp,-2GOtnGXwpY
evets1709,-9bhyHg3d10
Windband1 (Reply to Comment ID: UgworNjAlQ2eZHrYktt4AaABAg),-9bhyHg3d10
nadeembaloch632,-9bhyHg3d10
eugentanase1524,-9bhyHg3d10
Arcticstar69,-9bhyHg3d10
nam3less14 (Reply to Comment ID: UgyvXj9tju6YVjMocid4AaABAg),-9bhyHg3d10
InspiredJJ,-2GOtnGXwpY
user-ls9hs9iw3v,-9bhyHg3d10
joshuaomani531,-9bhyHg3d10
northsouth2305,-9bhyHg3d10
maritaselggren6861,-9bhyHg3d10
heshboi6025,-2GOtnGXwpY
thomaspayne3347 (Reply to Comment ID: Ugwps38dRKMvqsVV6Ed4AaABAg),-9bhyHg3d10
cs-su9ko (Reply to Comment ID: Ugwdh-CurWLhPm6F9fd4AaABAg),-9bhyHg3d10
TonyL-gw4qx,-9bhyHg3d10
jimmyradebe-ub2rq,-9bhyHg3d10
Arnold_Slater1223 (Reply to Comment ID: UgzxVxbIMFXeO2C1C2x4AaABAg),-CgqgkQ-CO4
mordsythe (Reply to Comment ID: Ugyx8qfDMRUBnSrPztx4AaABAg),-2GOtnGXwpY
SenorJuan2023,-9bhyHg3d10
FrankHorriganFallout2,-2GOtnGXwpY
DEFRANCEOlivier (Reply to Comment ID: UgwglTwZUi4JVddddg54AaABAg),-9bhyHg3d10
davidhair8295,-9bhyHg3d10
StabbinJoeScarborough,-2GOtnGXwpY
rogeryelverton5661,-9bhyHg3d10
brentmarr1331 (Reply to Comment ID: UgxQYD-My9OitqFwu714AaABAg),-9bhyHg3d10
user-uz9vb7hy1r (Reply to Comment ID: UgwxziA77YLAwuNz9sJ4AaABAg),-9bhyHg3d10
robertodanielgaspari3157 (Reply to Comment ID: Ugy2C4QktdOModb3ONl4AaABAg),-CgqgkQ-CO4
stephenresler,-9bhyHg3d10
lengxiong3061,-9bhyHg3d10
thepillow7309,-2GOtnGXwpY
swat67ify,-2GOtnGXwpY
gherkamum,-CgqgkQ-CO4
bleakfeather7004,-2GOtnGXwpY
spetsnaz7979,-2GOtnGXwpY
me5774,-9bhyHg3d10
brucegordon9007 (Reply to Comment ID: UgxrCqhweXYBn_ic4OF4AaABAg),-9bhyHg3d10
arnolda.gazder9728,-9bhyHg3d10
MaurizioSimula (Reply to Comment ID: Ugz80j5ckF8OrnyQQ6d4AaABAg),-CgqgkQ-CO4
franzmargaretterendon571,-9bhyHg3d10
75-qt2hp (Reply to Comment ID: UgxC0_D5vp4ey-_EN1F4AaABAg),-CgqgkQ-CO4
loschwahn723 (Reply to Comment ID: Ugwm7Ea50tpbDprBg8x4AaABAg),-9bhyHg3d10
ghosttheprogram6973,-2GOtnGXwpY
r.d.porter8755 (Reply to Comment ID: UgwYDNAp9vLkeBv7r914AaABAg),-9bhyHg3d10
ceinwenmoll3097,-9bhyHg3d10
literallydalegribble3875,-2GOtnGXwpY
75-qt2hp (Reply to Comment ID: UgybNTgO2ba8ibl9IPB4AaABAg),-CgqgkQ-CO4
carlbervin8183 (Reply to Comment ID: UgxuSVRSNXucvoQeN614AaABAg),-9bhyHg3d10
jemacofra (Reply to Comment ID: Ugy3YhSjT6a8ZZDkH7J4AaABAg),-CgqgkQ-CO4
nourredineboucham9094 (Reply to Comment ID: Ugw5Q7mHERc8fm6se_94AaABAg),-9bhyHg3d10
DaanFunger,-2GOtnGXwpY
hajime2k (Reply to Comment ID: UgyvXj9tju6YVjMocid4AaABAg),-9bhyHg3d10
TheOwlGuy777,-CgqgkQ-CO4
bloodmoney88,-9bhyHg3d10
craigjones1497,-9bhyHg3d10
tuljanzabarovic9574,-9bhyHg3d10
robertburk5550,-2GOtnGXwpY
mk8530,-2GOtnGXwpY
bm4751,-9bhyHg3d10
Dumbminds180 (Reply to Comment ID: Ugx0ULON9UPcYcxp2LV4AaABAg),-9bhyHg3d10
75-qt2hp (Reply to Comment ID: Ugwowf-WJNLJZaagJlh4AaABAg),-CgqgkQ-CO4
gazmendt3826,-CgqgkQ-CO4
JohnAdams-xc5yk,-9bhyHg3d10
Muchoyo (Reply to Comment ID: UgxuwbB8nLpNMtfjcYB4AaABAg),-CgqgkQ-CO4
urmomisfat-dn6ex,-2GOtnGXwpY
thebarron267,-2GOtnGXwpY
chinaesedog-eater,-2GOtnGXwpY
ch33sytac05 (Reply to Comment ID: UgwvK2nx7gAbkhDCFCB4AaABAg),-9bhyHg3d10
tristanwilkinson9516,-9bhyHg3d10
thatTemplar9934,-2GOtnGXwpY
moisesperez4605 (Reply to Comment ID: UgxNla-xm69N4GWlirx4AaABAg),-2GOtnGXwpY
titus2080,-9bhyHg3d10
brianholding4357,-CgqgkQ-CO4
Boom-sm8pb,-2GOtnGXwpY
TommyTCGT,-9bhyHg3d10
rickyeddie7781 (Reply to Comment ID: UgwNLjKO8wWhrgP3Qo14AaABAg),-9bhyHg3d10
dmkdm3343,-9bhyHg3d10
TheStratman440,-9bhyHg3d10
GeneralSpanky,-2GOtnGXwpY
wraith_1367,-2GOtnGXwpY
geoffcrumblin9850,-9bhyHg3d10
aurimaslinaburbos2503,-9bhyHg3d10
wolfy7960,-2GOtnGXwpY
addipoom,-9bhyHg3d10
shadownor,-9bhyHg3d10
carlbervin8183 (Reply to Comment ID: UgxDS2GvQLc6GNggkqJ4AaABAg),-9bhyHg3d10
tachikawa3631 (Reply to Comment ID: Ugy_sl0LGZUZrHJN_Sd4AaABAg),-CgqgkQ-CO4
Titi-pourris (Reply to Comment ID: UgxzktIXKibxJ1MBPMh4AaABAg),-CgqgkQ-CO4
seanhayes6097,-9bhyHg3d10
WeejimmySnazberry (Reply to Comment ID: UgzGOOSlqiXImhccpbx4AaABAg),-CgqgkQ-CO4
Dirtdabber1972,-9bhyHg3d10
valentinjuarez3373,-9bhyHg3d10
thanoo1924,-9bhyHg3d10
TommyTCGT (Reply to Comment ID: UgzEeZ_6XAygaRsVhZZ4AaABAg),-9bhyHg3d10
greatRyanoutdoors (Reply to Comment ID: UgwglTwZUi4JVddddg54AaABAg),-9bhyHg3d10
jamesgerrardbrown5169,-9bhyHg3d10
khiem1939 (Reply to Comment ID: UgxuSVRSNXucvoQeN614AaABAg),-9bhyHg3d10
Jeffoneil.BanburyHairSalon. (Reply to Comment ID: UgxwiYm2lw3zEdTf6ct4AaABAg),-CgqgkQ-CO4
rgrg297,-9bhyHg3d10
MikeJohnsonPutinPuppet (Reply to Comment ID: UgwFuq9ZZAPfkN3vcrV4AaABAg),-CgqgkQ-CO4
arthurrafferty4102,-9bhyHg3d10
gardinermulford9072,-9bhyHg3d10
arnoldtoralba1817,-9bhyHg3d10
deonster1 (Reply to Comment ID: Ugyj5lKBLHMUcpEPvRl4AaABAg),-9bhyHg3d10
liamsmith433,-2GOtnGXwpY
drew65sep,-CgqgkQ-CO4
muslim8547,-9bhyHg3d10
michaelmay5453 (Reply to Comment ID: UgzGOOSlqiXImhccpbx4AaABAg),-CgqgkQ-CO4
allanabuyabor7586,-9bhyHg3d10
SenorJuan2023 (Reply to Comment ID: UgzEB2NWuR2WASa4REB4AaABAg),-9bhyHg3d10
user-gk3pm7cz2g,-CgqgkQ-CO4
Revolfox13,-9bhyHg3d10
Daniel-vw7mw,-9bhyHg3d10
tescooffical7175,-2GOtnGXwpY
Sonniypavel,-CgqgkQ-CO4
ThefreeRussians,-CgqgkQ-CO4
paulabernshtein6256,-9bhyHg3d10
TT3TT3,-2GOtnGXwpY
eattherich2 (Reply to Comment ID: UgxDS2GvQLc6GNggkqJ4AaABAg),-9bhyHg3d10
cykelpump2 (Reply to Comment ID: UgyTaR-E83mRhyx1QhF4AaABAg),-CgqgkQ-CO4
the-lag-gamerita5446 (Reply to Comment ID: UgxEpuzuUFzE5eoA08x4AaABAg),-2GOtnGXwpY
bossdog1480 (Reply to Comment ID: UgwNLjKO8wWhrgP3Qo14AaABAg),-9bhyHg3d10
davidmcguerty8405,-CgqgkQ-CO4
juangarcia-kq8zp,-9bhyHg3d10
malcomewest6551,-9bhyHg3d10
williambanico1842,-9bhyHg3d10
user-xk4xl1ky8m,-CgqgkQ-CO4
AparatorulPoporului,-CgqgkQ-CO4
topcat9852 (Reply to Comment ID: Ugw6TXd4Pm4GhiyqM394AaABAg),-9bhyHg3d10
DEFRANCEOlivier (Reply to Comment ID: UgzIf_R8cNJjSBxMKCh4AaABAg),-9bhyHg3d10
kynansmiles9362,-2GOtnGXwpY
Destined619,-2GOtnGXwpY
jellymartin1811 (Reply to Comment ID: Ugz80j5ckF8OrnyQQ6d4AaABAg),-CgqgkQ-CO4
powellmountainmike8853,-9bhyHg3d10
Axelfl6161,-2GOtnGXwpY
mackenzieblair8135,-2GOtnGXwpY
MinhHieuNguyenChannel-wb7ic (Reply to Comment ID: Ugwowf-WJNLJZaagJlh4AaABAg),-CgqgkQ-CO4
55xr28 (Reply to Comment ID: UgwRkG1W3zrniQEh_fF4AaABAg),-9bhyHg3d10
cookingforidiotsbyanidiot4412,-9bhyHg3d10
danielponiatowski7368,-2GOtnGXwpY
tonylyons7711,-9bhyHg3d10
BainExplorer,-9bhyHg3d10
samuelserdar5884,-9bhyHg3d10
barnsweb52,-9bhyHg3d10
Wally-yd7vh,-9bhyHg3d10
JimWright1950,-9bhyHg3d10
mirba6933,-9bhyHg3d10
T3MPL3TillIdIe,-2GOtnGXwpY
thepsycogopherproductions1590,-2GOtnGXwpY
JamieDodson,-2GOtnGXwpY
razzorbladz,-CgqgkQ-CO4
pluk_junior5542,-2GOtnGXwpY
thomaspayne3347 (Reply to Comment ID: UgwNLjKO8wWhrgP3Qo14AaABAg),-9bhyHg3d10
Squad2ND,-9bhyHg3d10
sbrmilitia,-2GOtnGXwpY
beegiebansuelo6647,-9bhyHg3d10
user-ok2mn4bw7u (Reply to Comment ID: UgzGOOSlqiXImhccpbx4AaABAg),-CgqgkQ-CO4
LinaRuss88 (Reply to Comment ID: UgylgZU5dmwdyxBT4114AaABAg),-9bhyHg3d10
williampankiw7590 (Reply to Comment ID: UgzEDqWugARyRbn90tZ4AaABAg),-CgqgkQ-CO4
jasonchesser192,-2GOtnGXwpY
1lepandaboyy766,-9bhyHg3d10
boota1979 (Reply to Comment ID: Ugz80j5ckF8OrnyQQ6d4AaABAg),-CgqgkQ-CO4
55xr28 (Reply to Comment ID: Ugyj5lKBLHMUcpEPvRl4AaABAg),-9bhyHg3d10
RaqKem (Reply to Comment ID: UgxrCqhweXYBn_ic4OF4AaABAg),-9bhyHg3d10
user-sr4vz4nk1w,-CgqgkQ-CO4
user-zu9ni7md3c,-CgqgkQ-CO4
daft5873,-9bhyHg3d10
Windband1 (Reply to Comment ID: Ugyj5lKBLHMUcpEPvRl4AaABAg),-9bhyHg3d10
simulacra7885,-2GOtnGXwpY
jazzcommando,-9bhyHg3d10
carlbervin8183 (Reply to Comment ID: Ugy1jeG7_-HQJDfyZU94AaABAg),-9bhyHg3d10
phliptudu3691,-9bhyHg3d10
michaelsburger665 (Reply to Comment ID: Ugwdh-CurWLhPm6F9fd4AaABAg),-9bhyHg3d10
azurejester1520,-2GOtnGXwpY
georgeperikleous5031 (Reply to Comment ID: Ugw3o-62LTDCkAqjZ6J4AaABAg),-9bhyHg3d10
weldonparmley8147,-9bhyHg3d10
user-up3do8yo3z,-CgqgkQ-CO4
masaacc-cr9uo,-CgqgkQ-CO4
robertelliott4547,-9bhyHg3d10
delldell191,-CgqgkQ-CO4
robertwilson214,-9bhyHg3d10
user-xe3ch4pv6k,-9bhyHg3d10
RWZiggy (Reply to Comment ID: Ugw1OiRRGSX_OX5NaGt4AaABAg),-9bhyHg3d10
kielsnyder6408,-9bhyHg3d10
rogercabe6175,-2GOtnGXwpY
vickcou4036,-9bhyHg3d10
user-rv9iy5ym5o,-9bhyHg3d10
tealakinsey8459,-9bhyHg3d10
lukachakwanda9184,-9bhyHg3d10
megavide0 (Reply to Comment ID: UgzEeZ_6XAygaRsVhZZ4AaABAg),-9bhyHg3d10
jeremygibbs7342,-2GOtnGXwpY
Fenris77 (Reply to Comment ID: Ugyj5lKBLHMUcpEPvRl4AaABAg),-9bhyHg3d10
75-qt2hp,-CgqgkQ-CO4
lorincszabo2452,-9bhyHg3d10
PaulBeet,-9bhyHg3d10
75-qt2hp (Reply to Comment ID: UgwRWY0bOFfl80xQf854AaABAg),-CgqgkQ-CO4
user-dz2yc6jn7u,-9bhyHg3d10
robertvysther833 (Reply to Comment ID: UgxzktIXKibxJ1MBPMh4AaABAg),-CgqgkQ-CO4
soulquesthealingmusic2307 (Reply to Comment ID: UgzNnO9qUIIT33w7cLt4AaABAg),-9bhyHg3d10
UnessasryGestures,-CgqgkQ-CO4
ann3856,-9bhyHg3d10
user-de7fo3rm5d,-CgqgkQ-CO4
pakde8002 (Reply to Comment ID: UgxF-POp0Emr2eUkIKR4AaABAg),-2GOtnGXwpY
user-zr2nl2tl1t,-CgqgkQ-CO4
liviudiaconescu2628,-9bhyHg3d10
LinaRuss88 (Reply to Comment ID: UgybcwAEd2G1iUVzOal4AaABAg),-9bhyHg3d10
dave-hp3rf,-9bhyHg3d10
warhawkwarrior9835,-2GOtnGXwpY
foggybeat946,-9bhyHg3d10
broodleider (Reply to Comment ID: UgyvXj9tju6YVjMocid4AaABAg),-9bhyHg3d10
antonysimpson5304,-9bhyHg3d10
paulfaigl8329 (Reply to Comment ID: Ugz_t-nBHXxSn91Rv9t4AaABAg),-9bhyHg3d10
silverwood6705,-9bhyHg3d10
draganjojic7168,-9bhyHg3d10
JSmithIX (Reply to Comment ID: UgxNoLLEHc2d85zQq-t4AaABAg),-2GOtnGXwpY
doomslayer1984,-9bhyHg3d10
nish0905,-9bhyHg3d10
liammccauley9312,-CgqgkQ-CO4
jonathanstein5049 (Reply to Comment ID: Ugwm7Ea50tpbDprBg8x4AaABAg),-9bhyHg3d10
Miscellaneous843,-2GOtnGXwpY
mouseblackcat5263 (Reply to Comment ID: UgytT5uTqYOleQOBKnl4AaABAg),-2GOtnGXwpY
admilsonoo7 (Reply to Comment ID: Ugwdh-CurWLhPm6F9fd4AaABAg),-9bhyHg3d10
azharam2870,-9bhyHg3d10
zeusandathena4094,-CgqgkQ-CO4
paulfaigl8329 (Reply to Comment ID: UgzFa2cN4Zjs8ODVlIF4AaABAg),-9bhyHg3d10
PlymouthVT (Reply to Comment ID: Ugy2C4QktdOModb3ONl4AaABAg),-CgqgkQ-CO4
robj2704 (Reply to Comment ID: UgzEDqWugARyRbn90tZ4AaABAg),-CgqgkQ-CO4
andyinskintown,-9bhyHg3d10
DEFRANCEOlivier (Reply to Comment ID: Ugxc-f5Wb8BV0gnpivt4AaABAg),-9bhyHg3d10
talkmoremeda1187,-9bhyHg3d10
BassPhat,-2GOtnGXwpY
stevenorcutt2099,-9bhyHg3d10
ewg6200,-9bhyHg3d10
alongcamejones309,-9bhyHg3d10
gary9111,-9bhyHg3d10
theshadowteleporter2470,-2GOtnGXwpY
seansaesjr5297,-2GOtnGXwpY
SpitsAreTheBest_Mk.IX_61 (Reply to Comment ID: UgxEpuzuUFzE5eoA08x4AaABAg),-2GOtnGXwpY
Aasn9 (Reply to Comment ID: UgxuSVRSNXucvoQeN614AaABAg),-9bhyHg3d10
user-ov2gr5tm7l (Reply to Comment ID: UgzGOOSlqiXImhccpbx4AaABAg),-CgqgkQ-CO4
donnywilkes6417 (Reply to Comment ID: UgxDS2GvQLc6GNggkqJ4AaABAg),-9bhyHg3d10
bm4751 (Reply to Comment ID: UgwxziA77YLAwuNz9sJ4AaABAg),-9bhyHg3d10
vesakaitera2831,-9bhyHg3d10
riebenzahl-524,-9bhyHg3d10
MMariT (Reply to Comment ID: UgxrCqhweXYBn_ic4OF4AaABAg),-9bhyHg3d10
dinobm13,-CgqgkQ-CO4
Texasmule,-2GOtnGXwpY
dukecraig2402 (Reply to Comment ID: UgxiKVmvi1F3snJUcJ54AaABAg),-2GOtnGXwpY
75-qt2hp (Reply to Comment ID: UgzLPmcEcA8YI7iVCCB4AaABAg),-CgqgkQ-CO4
506thparatrooper,-9bhyHg3d10
ciseaux,-9bhyHg3d10
CM20228 (Reply to Comment ID: UgwxziA77YLAwuNz9sJ4AaABAg),-9bhyHg3d10
tailrj,-9bhyHg3d10
monza1002000 (Reply to Comment ID: UgzlYOjZ4Bu7JFtKjot4AaABAg),-2GOtnGXwpY
ronaldgrove3283 (Reply to Comment ID: UgwYDNAp9vLkeBv7r914AaABAg),-9bhyHg3d10
noahdennis5700,-9bhyHg3d10
supavizor,-9bhyHg3d10
TheManLab7,-2GOtnGXwpY
user-mz2wc4jv3l (Reply to Comment ID: Ugw_imWAmRVv7WGirR54AaABAg),-CgqgkQ-CO4
patrickcarey7692,-9bhyHg3d10
korpolentais87,-CgqgkQ-CO4
GPDC100,-9bhyHg3d10
alanpartridge5199,-9bhyHg3d10
paulfaigl8329 (Reply to Comment ID: UgxuSVRSNXucvoQeN614AaABAg),-9bhyHg3d10
gerrylewis5281,-CgqgkQ-CO4
ogcaveman8120 (Reply to Comment ID: UgzXqnVhdWCreyf9S0x4AaABAg),-CgqgkQ-CO4
Fenris77 (Reply to Comment ID: UgwxziA77YLAwuNz9sJ4AaABAg),-9bhyHg3d10
andrewmoody-vi1dw,-9bhyHg3d10
CarlosAlbertoMarques-tk1jh,-9bhyHg3d10
calvinjohnson948,-2GOtnGXwpY
ronaldgrove3283 (Reply to Comment ID: UgxVQ8K_gYNtVKPECkx4AaABAg),-9bhyHg3d10
jonathanstein5049 (Reply to Comment ID: UgyvXj9tju6YVjMocid4AaABAg),-9bhyHg3d10
dombi98,-2GOtnGXwpY
colinbeck1285,-9bhyHg3d10
charlessevigny,-9bhyHg3d10
LinaRuss88 (Reply to Comment ID: Ugyp4DElwnb_qBlUg5h4AaABAg),-9bhyHg3d10
Zoco101,-9bhyHg3d10
75-qt2hp (Reply to Comment ID: UgxunBzdZecMHL5G1OZ4AaABAg),-CgqgkQ-CO4
user-jg4xy4cu2k,-CgqgkQ-CO4
johndewey6358,-CgqgkQ-CO4
ethanfourage8712,-CgqgkQ-CO4
carracampbell7789 (Reply to Comment ID: Ugz47Amws-i300b8M-t4AaABAg),-9bhyHg3d10
bungbinh9943,-CgqgkQ-CO4
avimamaye,-9bhyHg3d10
willhickey7387,-9bhyHg3d10
stevegorman2409,-9bhyHg3d10
steveborgmalta (Reply to Comment ID: UgzEDqWugARyRbn90tZ4AaABAg),-CgqgkQ-CO4
crazygame2724,-9bhyHg3d10
Murderermarv,-2GOtnGXwpY
davidgham7433,-9bhyHg3d10
amrannoordin1644,-9bhyHg3d10
hereigoagain5050,-CgqgkQ-CO4
simonrobins4316,-9bhyHg3d10
Vahe345,-CgqgkQ-CO4
userunknown7675 (Reply to Comment ID: Ugyx8qfDMRUBnSrPztx4AaABAg),-2GOtnGXwpY
billrogers3139 (Reply to Comment ID: UgysoE_3HjZJkc7iOYt4AaABAg),-2GOtnGXwpY
bbasleigh6149,-9bhyHg3d10
rikardocatalunya9378,-CgqgkQ-CO4
ZakirMoulana,-9bhyHg3d10
boota1979 (Reply to Comment ID: UgxC0_D5vp4ey-_EN1F4AaABAg),-CgqgkQ-CO4
denxero,-9bhyHg3d10
saturn_in_blue (Reply to Comment ID: UgxFSroV73SeJjNf3it4AaABAg),-9bhyHg3d10
chinaesedog-eater (Reply to Comment ID: UgxNla-xm69N4GWlirx4AaABAg),-2GOtnGXwpY
nabarunghoshal560,-9bhyHg3d10
smellymala3103 (Reply to Comment ID: UgzEB2NWuR2WASa4REB4AaABAg),-9bhyHg3d10
ottoromppanen2908,-CgqgkQ-CO4
DIEPOPPESALDANS,-9bhyHg3d10
SGTBLACKFIREGAMING2COMBATPTSD,-CgqgkQ-CO4
sovietunionz803,-2GOtnGXwpY
dwaynemadsen964,-2GOtnGXwpY
dagooch2394,-9bhyHg3d10
JovicaNedeljkovic-nf2ur (Reply to Comment ID: UgxuSVRSNXucvoQeN614AaABAg),-9bhyHg3d10
henrikarboejensen812,-CgqgkQ-CO4
LtColwtf,-2GOtnGXwpY
josephquigley4987,-9bhyHg3d10
stanley1554,-9bhyHg3d10
cxash6976,-9bhyHg3d10
opinioncounts5490,-9bhyHg3d10
unnamedshadow1866,-9bhyHg3d10
everTriumph,-9bhyHg3d10
user-mz2wc4jv3l (Reply to Comment ID: UgyvKoIC1I0boF9ovkZ4AaABAg),-CgqgkQ-CO4
AMERIKA.YAHUDI.SEKUTU-OPM-ISIS,-CgqgkQ-CO4
davidmasipbach-zj8qd,-2GOtnGXwpY
heldersufiano2816 (Reply to Comment ID: UgxrCqhweXYBn_ic4OF4AaABAg),-9bhyHg3d10
karl662 (Reply to Comment ID: UgybcwAEd2G1iUVzOal4AaABAg),-9bhyHg3d10
TuranWolf (Reply to Comment ID: UgyOegxifLLwNKBAXzl4AaABAg),-9bhyHg3d10
danicao.6778,-9bhyHg3d10
oledoled8008,-9bhyHg3d10
jovas5302,-9bhyHg3d10
55xr28 (Reply to Comment ID: Ugwdh-CurWLhPm6F9fd4AaABAg),-9bhyHg3d10
chevyvet69,-2GOtnGXwpY
useryggfdcc (Reply to Comment ID: Ugwm7Ea50tpbDprBg8x4AaABAg),-9bhyHg3d10
notyourrealfather,-2GOtnGXwpY
thundersufferer2977,-2GOtnGXwpY
aleksiklove2755 (Reply to Comment ID: Ugz80j5ckF8OrnyQQ6d4AaABAg),-CgqgkQ-CO4
user-cd7sj9py3p,-9bhyHg3d10
B7_RS4 (Reply to Comment ID: Ugwdh-CurWLhPm6F9fd4AaABAg),-9bhyHg3d10
kalashio (Reply to Comment ID: UgxXscCxilrkwe1E7h14AaABAg),-2GOtnGXwpY
juanrecalde2434,-CgqgkQ-CO4
franciscorodriguez898,-9bhyHg3d10
khiem1939 (Reply to Comment ID: UgwYDNAp9vLkeBv7r914AaABAg),-9bhyHg3d10
zoom777 (Reply to Comment ID: UgyvXj9tju6YVjMocid4AaABAg),-9bhyHg3d10
thomasfitch8923,-2GOtnGXwpY
vinncent_hater9521,-2GOtnGXwpY
Nico1952,-9bhyHg3d10
evgen-cy6so (Reply to Comment ID: UgwxziA77YLAwuNz9sJ4AaABAg),-9bhyHg3d10
alanbbrady8196,-9bhyHg3d10
garfield4530,-9bhyHg3d10
ricos4700,-2GOtnGXwpY
boris_spectri,-9bhyHg3d10
ryangonzales8949,-9bhyHg3d10
BenReeves76,-2GOtnGXwpY
user-ef4sv3bh7n,-9bhyHg3d10
patrickpelletier9298,-2GOtnGXwpY
mausplan3890,-9bhyHg3d10
korelly (Reply to Comment ID: Ugwps38dRKMvqsVV6Ed4AaABAg),-9bhyHg3d10
marvinc9994,-CgqgkQ-CO4
niVEZHda,-9bhyHg3d10
justaperson1619 (Reply to Comment ID: UgzGOOSlqiXImhccpbx4AaABAg),-CgqgkQ-CO4
S4FG (Reply to Comment ID: UgyJ5HsGP1dVZk0M6YF4AaABAg),-2GOtnGXwpY
bjorndebakker,-CgqgkQ-CO4
VirtualshopX,-9bhyHg3d10
LutaloAhmed (Reply to Comment ID: Ugwdh-CurWLhPm6F9fd4AaABAg),-9bhyHg3d10
gmc.joesousa4360,-9bhyHg3d10
WalterConway-sv6ni,-9bhyHg3d10
BombeGTA (Reply to Comment ID: UgwV8oP-nu_I-M3ykqV4AaABAg),-9bhyHg3d10
ravishing-troop5276 (Reply to Comment ID: Ugwdh-CurWLhPm6F9fd4AaABAg),-9bhyHg3d10
elbaz860 (Reply to Comment ID: UgwfGlF4QaXjgSsuo9R4AaABAg),-CgqgkQ-CO4
dennisbrower7959,-9bhyHg3d10
thorfinnravenfeeder,-9bhyHg3d10
comantiberius6266,-2GOtnGXwpY
guntotingnerd8830,-2GOtnGXwpY
jpdemer5,-CgqgkQ-CO4
markwareham6031,-9bhyHg3d10
fariszakwan4433 (Reply to Comment ID: UgxouxaNHNLCx6Kh6td4AaABAg),-9bhyHg3d10
dardaras (Reply to Comment ID: UgxEZW4dUr3vgKmqD7B4AaABAg),-CgqgkQ-CO4
ronaldgrove3283 (Reply to Comment ID: Ugz-Bpqg1ynQInLbiJF4AaABAg),-9bhyHg3d10
kgw100,-2GOtnGXwpY
ronaldgrove3283 (Reply to Comment ID: UgwglTwZUi4JVddddg54AaABAg),-9bhyHg3d10
michaelaufai4763 (Reply to Comment ID: UgyvXj9tju6YVjMocid4AaABAg),-9bhyHg3d10
paulwilliams5121 (Reply to Comment ID: UgzGOOSlqiXImhccpbx4AaABAg),-CgqgkQ-CO4
marioncobaretti2280,-9bhyHg3d10
johndewey6358 (Reply to Comment ID: UgyHs0AQ2RmIzjoZr5J4AaABAg),-CgqgkQ-CO4
MMariT (Reply to Comment ID: UgxjnuI1SNmQZxBmKGV4AaABAg),-9bhyHg3d10
1claudiusgothicus,-9bhyHg3d10
fabrizioandreucci5664,-9bhyHg3d10
talk2stop,-9bhyHg3d10
user-fh6hz1kk3y,-CgqgkQ-CO4
karl662 (Reply to Comment ID: UgzFa2cN4Zjs8ODVlIF4AaABAg),-9bhyHg3d10
neilkay159,-2GOtnGXwpY
namesarehard7197,-2GOtnGXwpY
75-qt2hp (Reply to Comment ID: UgzvuXgG9x6ra2_sf-54AaABAg),-CgqgkQ-CO4
WTHH2,-9bhyHg3d10
olofjohansson8322,-9bhyHg3d10
John-ik1os,-CgqgkQ-CO4
michaelathens953,-2GOtnGXwpY
royhodge6260,-9bhyHg3d10
tomstoob,-9bhyHg3d10
mirceapteancu5619,-9bhyHg3d10
kamaruzamanbinibrahim4247,-9bhyHg3d10
user-ov2gr5tm7l,-CgqgkQ-CO4
crossx695,-9bhyHg3d10
dumpsterchild5734,-2GOtnGXwpY
paulfaigl8329 (Reply to Comment ID: UgxVQ8K_gYNtVKPECkx4AaABAg),-9bhyHg3d10
campbellmorrison8540,-CgqgkQ-CO4
MidnightWarrior1976,-CgqgkQ-CO4
hansb.8,-9bhyHg3d10
davidpage6005,-9bhyHg3d10
elitehacker1416,-2GOtnGXwpY
elbmw,-9bhyHg3d10
jeffmoxey4861 (Reply to Comment ID: Ugwdh-CurWLhPm6F9fd4AaABAg),-9bhyHg3d10
johansvarvare4450,-CgqgkQ-CO4
UKNEWS2023,-9bhyHg3d10
docE3885,-2GOtnGXwpY
dubabaxakatv2993,-9bhyHg3d10
henrykochajkiewiczxxwzxr2a857,-9bhyHg3d10
Ahmad-hq7oz,-2GOtnGXwpY
paulfaigl8329 (Reply to Comment ID: UgwU2Hoj8BnME85JLDl4AaABAg),-9bhyHg3d10
neilblockhead6443,-9bhyHg3d10
eugenemcnamee7873,-9bhyHg3d10
raffagino8366,-9bhyHg3d10
alvanalvino,-9bhyHg3d10
_alienblood (Reply to Comment ID: UgwtA-Dl051gqhdDSKB4AaABAg),-9bhyHg3d10
ne0395 (Reply to Comment ID: Ugy2C4QktdOModb3ONl4AaABAg),-CgqgkQ-CO4
geraldheinig1473 (Reply to Comment ID: Ugx4eWlnoBngzCYajT94AaABAg),-9bhyHg3d10
melodydawn,-2GOtnGXwpY
stewartohara558,-CgqgkQ-CO4
anthonymolina7416,-2GOtnGXwpY
bobwilson758,-CgqgkQ-CO4
chopjockey,-CgqgkQ-CO4
user-qv9vq7gl5e,-9bhyHg3d10
canuckdragon3434,-9bhyHg3d10
astralclub5964,-CgqgkQ-CO4
user-de7jo9vq7o,-CgqgkQ-CO4
jonathanvilla7280 (Reply to Comment ID: UgxzktIXKibxJ1MBPMh4AaABAg),-CgqgkQ-CO4
MrDazTroyer,-2GOtnGXwpY
ridvanpeshkopia8751 (Reply to Comment ID: UgzEeZ_6XAygaRsVhZZ4AaABAg),-9bhyHg3d10
campersr2298,-2GOtnGXwpY
55xr28 (Reply to Comment ID: Ugx4eWlnoBngzCYajT94AaABAg),-9bhyHg3d10
jamesrowntree108,-9bhyHg3d10
larryv6794 (Reply to Comment ID: UgwxziA77YLAwuNz9sJ4AaABAg),-9bhyHg3d10
user-yc4xf8cv5y,-9bhyHg3d10
williamzabel2080,-9bhyHg3d10
pacus123 (Reply to Comment ID: Ugy1jeG7_-HQJDfyZU94AaABAg),-9bhyHg3d10
crazyirish__2171 (Reply to Comment ID: UgyJ5HsGP1dVZk0M6YF4AaABAg),-2GOtnGXwpY
danutahanyga4834,-9bhyHg3d10
certifiedgiggledog,-2GOtnGXwpY
tuff9486 (Reply to Comment ID: UgzBFWQgT-JjiNpCNmt4AaABAg),-9bhyHg3d10
perandersson6366,-CgqgkQ-CO4
ralphgonzalez9054,-9bhyHg3d10
IvanMartynenko-ir8xh (Reply to Comment ID: UgxmqEkhNs9IqKm_Ro14AaABAg),-CgqgkQ-CO4
danteleach3117,-2GOtnGXwpY
jaimemartinez8971,-9bhyHg3d10
StolenBandaid,-CgqgkQ-CO4
johndhoe1854 (Reply to Comment ID: Ugw3o-62LTDCkAqjZ6J4AaABAg),-9bhyHg3d10
MikeJohnsonPutinPuppet (Reply to Comment ID: UgwRWY0bOFfl80xQf854AaABAg),-CgqgkQ-CO4
TheFULLMETALCHEF,-2GOtnGXwpY
muhamadirfanbinmuhdmuzaffa3448 (Reply to Comment ID: UgzGOOSlqiXImhccpbx4AaABAg),-CgqgkQ-CO4
ozzyolof9209,-9bhyHg3d10
bombheadgames9565,-9bhyHg3d10
Teknophobe,-2GOtnGXwpY
user-ug6rn5si4r,-9bhyHg3d10
frankcuritana8159,-CgqgkQ-CO4
bossdog1480,-9bhyHg3d10
user-py6bo1jz2m,-9bhyHg3d10
rudyd7306 (Reply to Comment ID: UgzXqnVhdWCreyf9S0x4AaABAg),-CgqgkQ-CO4
ninoitalia8839,-9bhyHg3d10
IbnBahtuta,-9bhyHg3d10
Arno56-ci1pp (Reply to Comment ID: UgzEDqWugARyRbn90tZ4AaABAg),-CgqgkQ-CO4
tenzinnordron9836 (Reply to Comment ID: UgwJ2MfUTL3UODSKaCN4AaABAg),-9bhyHg3d10
sarahferstendig524,-9bhyHg3d10
rogerboynton6218,-9bhyHg3d10
lucifer007007 (Reply to Comment ID: UgwNLjKO8wWhrgP3Qo14AaABAg),-9bhyHg3d10
rogeliolopez8758,-9bhyHg3d10
123Goldhunter11,-9bhyHg3d10
ediriswanto8394,-9bhyHg3d10
Fenris77,-9bhyHg3d10
chris3640 (Reply to Comment ID: UgzaAqIST-zb3s5ohDp4AaABAg),-2GOtnGXwpY
jjmbeausoleil,-2GOtnGXwpY
2003AudiS3 (Reply to Comment ID: Ugxa5K0gjRJ2r5h2NUx4AaABAg),-CgqgkQ-CO4
johnysmithy-67,-CgqgkQ-CO4
arunsigamani1,-2GOtnGXwpY
IvanMartynenko-ir8xh (Reply to Comment ID: UgzxVxbIMFXeO2C1C2x4AaABAg),-CgqgkQ-CO4
ronaldgrove3283 (Reply to Comment ID: UgzEeZ_6XAygaRsVhZZ4AaABAg),-9bhyHg3d10
NAFO_Posting_Their_Ls (Reply to Comment ID: Ugy2C4QktdOModb3ONl4AaABAg),-CgqgkQ-CO4
floydfanboy2948,-CgqgkQ-CO4
vesakaitera2831 (Reply to Comment ID: UgxkCeixBmYBcpm8Ow94AaABAg),-9bhyHg3d10
WeejimmySnazberry (Reply to Comment ID: UgxwiYm2lw3zEdTf6ct4AaABAg),-CgqgkQ-CO4
dobipavlovic7517,-9bhyHg3d10
jacobwomack9022,-2GOtnGXwpY
StevesSlideandJazz,-CgqgkQ-CO4
eplmait3409,-9bhyHg3d10
byteme6346,-9bhyHg3d10
user-mz2wc4jv3l,-CgqgkQ-CO4
elizabethsmith3416,-2GOtnGXwpY
18ru55 (Reply to Comment ID: Ugwowf-WJNLJZaagJlh4AaABAg),-CgqgkQ-CO4
santossteven97,-CgqgkQ-CO4
Russinh0,-2GOtnGXwpY
Dimkazaz,-9bhyHg3d10
tawandashizhika77,-9bhyHg3d10
PrestonStewart (Reply to Comment ID: UgzaAqIST-zb3s5ohDp4AaABAg),-2GOtnGXwpY
Fatboylo1980,-9bhyHg3d10
sergei4912,-CgqgkQ-CO4
albloshi2164,-9bhyHg3d10
khiem1939 (Reply to Comment ID: UgwglTwZUi4JVddddg54AaABAg),-9bhyHg3d10
toddwheeler1526,-9bhyHg3d10
the-lag-gamerita5446 (Reply to Comment ID: UgxiKVmvi1F3snJUcJ54AaABAg),-2GOtnGXwpY
timgrace1773,-9bhyHg3d10
carracampbell7789 (Reply to Comment ID: UgwglTwZUi4JVddddg54AaABAg),-9bhyHg3d10
rosszografov614 (Reply to Comment ID: Ugx3qTfxRDXGKm-NpDF4AaABAg),-9bhyHg3d10
Brian-om2hh (Reply to Comment ID: UgzEDqWugARyRbn90tZ4AaABAg),-CgqgkQ-CO4
franklin2846,-9bhyHg3d10
zoom777,-9bhyHg3d10
stevenhussey9228,-2GOtnGXwpY
arimoff (Reply to Comment ID: UgwAyPJO2S_BSrUwKut4AaABAg),-2GOtnGXwpY
anthonywhite7032,-9bhyHg3d10
azhanali1448,-9bhyHg3d10
dubceksvoboda (Reply to Comment ID: UgwxziA77YLAwuNz9sJ4AaABAg),-9bhyHg3d10
HorsleyLandy88 (Reply to Comment ID: UgxzktIXKibxJ1MBPMh4AaABAg),-CgqgkQ-CO4
LuckyAlbo,-9bhyHg3d10
_alienblood (Reply to Comment ID: Ugz80j5ckF8OrnyQQ6d4AaABAg),-CgqgkQ-CO4
user-mi2qw3ns4u (Reply to Comment ID: UgwxkidVEFzJnCjmR2d4AaABAg),-9bhyHg3d10
D.von.N,-CgqgkQ-CO4
georgeodhiambo598,-9bhyHg3d10
RandallRuina,-2GOtnGXwpY
deonster1 (Reply to Comment ID: UgxuSVRSNXucvoQeN614AaABAg),-9bhyHg3d10
ogcaveman8120 (Reply to Comment ID: UgzGOOSlqiXImhccpbx4AaABAg),-CgqgkQ-CO4
bigbadfuds,-9bhyHg3d10
ilusion69,-CgqgkQ-CO4
entendreentendre3734 (Reply to Comment ID: UgyvXj9tju6YVjMocid4AaABAg),-9bhyHg3d10
lalsamsona3211,-9bhyHg3d10
talk2stop (Reply to Comment ID: Ugwm7Ea50tpbDprBg8x4AaABAg),-9bhyHg3d10
sania3pr,-CgqgkQ-CO4
jimmybranscombe9187 (Reply to Comment ID: UgwLHKR0uJUh1PMvnqh4AaABAg),-9bhyHg3d10
Smachfest,-2GOtnGXwpY
brsrc759,-2GOtnGXwpY
75-qt2hp (Reply to Comment ID: UgyTaR-E83mRhyx1QhF4AaABAg),-CgqgkQ-CO4
ediriswanto8394 (Reply to Comment ID: UgzymGh10u7JzLW98XF4AaABAg),-9bhyHg3d10
RWZiggy (Reply to Comment ID: UgwNLjKO8wWhrgP3Qo14AaABAg),-9bhyHg3d10
ggayigeorge5141 (Reply to Comment ID: UgxrCqhweXYBn_ic4OF4AaABAg),-9bhyHg3d10
johnwalker7566,-9bhyHg3d10
marv5078,-2GOtnGXwpY
drgonzo305,-2GOtnGXwpY
TeunisMarinus (Reply to Comment ID: UgxuSVRSNXucvoQeN614AaABAg),-9bhyHg3d10
rg-guy3907,-9bhyHg3d10
elizabethcherry920,-2GOtnGXwpY
hitreset0291,-9bhyHg3d10
Orcaben1,-2GOtnGXwpY
manueldonosomontero9086,-CgqgkQ-CO4
max841982,-2GOtnGXwpY
adamrobson80,-2GOtnGXwpY
user-fb2hv9cy7y (Reply to Comment ID: UgzEDqWugARyRbn90tZ4AaABAg),-CgqgkQ-CO4
TheNapkuchen (Reply to Comment ID: Ugw7ie3j_cudiq5oW_R4AaABAg),-2GOtnGXwpY
rjb6327 (Reply to Comment ID: UgzXqnVhdWCreyf9S0x4AaABAg),-CgqgkQ-CO4
2003AudiS3 (Reply to Comment ID: UgzfD7CgV5b7_o3u6NV4AaABAg),-CgqgkQ-CO4
theturbomedia1,-9bhyHg3d10
crandydandy,-2GOtnGXwpY
victorrozario8008,-9bhyHg3d10
joycebaron672,-9bhyHg3d10
TheWolfDude91 (Reply to Comment ID: Ugwdh-CurWLhPm6F9fd4AaABAg),-9bhyHg3d10
ch33sytac05 (Reply to Comment ID: UgxD4oXcybEu7VZfEAx4AaABAg),-9bhyHg3d10
notruthinthisworld.8414,-CgqgkQ-CO4
snowleopard1850,-9bhyHg3d10
samdijkstra333,-2GOtnGXwpY
nigeldeforrest-pearce8084,-2GOtnGXwpY
jgarbo3541,-9bhyHg3d10
user-hi7jk6fu3f,-2GOtnGXwpY
iriemon1796 (Reply to Comment ID: UgzEeZ_6XAygaRsVhZZ4AaABAg),-9bhyHg3d10
A.D.M.I.N (Reply to Comment ID: UgyYDiv-462oorDrviR4AaABAg),-9bhyHg3d10
Blaster53,-9bhyHg3d10
clonetrooper8669,-2GOtnGXwpY
joepublic4909,-9bhyHg3d10
user-mi2qw3ns4u (Reply to Comment ID: UgwglTwZUi4JVddddg54AaABAg),-9bhyHg3d10
ivicastanonkovski8338 (Reply to Comment ID: UgyvXj9tju6YVjMocid4AaABAg),-9bhyHg3d10
williamcanady4553 (Reply to Comment ID: UgwNLjKO8wWhrgP3Qo14AaABAg),-9bhyHg3d10
guitarheromartijn,-2GOtnGXwpY
sjonnieplayfull5859,-2GOtnGXwpY
PerryKobalt (Reply to Comment ID: UgxNla-xm69N4GWlirx4AaABAg),-2GOtnGXwpY
artofwarior,-9bhyHg3d10
barrysmart2389,-9bhyHg3d10
user-cf4ts7on9b,-9bhyHg3d10
jeddvillaspin3379 (Reply to Comment ID: UgxrCqhweXYBn_ic4OF4AaABAg),-9bhyHg3d10
tendwaten6027 (Reply to Comment ID: UgyvXj9tju6YVjMocid4AaABAg),-9bhyHg3d10
Bwolf727,-9bhyHg3d10
arthurvanaalst,-9bhyHg3d10
simonburgess5968,-9bhyHg3d10
queenmommie100,-9bhyHg3d10
laurencejohnson7658,-9bhyHg3d10
ediriswanto8394 (Reply to Comment ID: Ugxi_aUgdt7CE-Bp5lJ4AaABAg),-9bhyHg3d10
paulkruse6634,-9bhyHg3d10
user-zs4bj8vy7s,-CgqgkQ-CO4
Danny-tj8qt,-CgqgkQ-CO4
dusanmedic2666,-9bhyHg3d10
ramonnenadich5205,-9bhyHg3d10
Jonny_The_Organism,-CgqgkQ-CO4
jeanseelanatha6573,-9bhyHg3d10
mpekawoods,-9bhyHg3d10
neilbarlow-if7nx,-CgqgkQ-CO4
ExSoldier762,-2GOtnGXwpY
RJ-fd6tz,-9bhyHg3d10
JSmithIX,-2GOtnGXwpY
cornelkittell9926,-2GOtnGXwpY
user-qz9bi6xx6e (Reply to Comment ID: UgzEDqWugARyRbn90tZ4AaABAg),-CgqgkQ-CO4
Eksile8,-2GOtnGXwpY
sprucemoose8476,-2GOtnGXwpY
gameplaystutosymashardcore7226,-CgqgkQ-CO4
Windband1 (Reply to Comment ID: UgxHb_Sw6qJy7UJOxoJ4AaABAg),-9bhyHg3d10
YawehthedragondogofEL,-9bhyHg3d10
snorttroll4379 (Reply to Comment ID: UgxuSVRSNXucvoQeN614AaABAg),-9bhyHg3d10
user-fj2yq1cj5e,-CgqgkQ-CO4
f.palmero5010,-2GOtnGXwpY
jinglebell9107,-9bhyHg3d10
Unionthewizard,-2GOtnGXwpY
gboates,-9bhyHg3d10
Fincityfresh (Reply to Comment ID: UgxuSVRSNXucvoQeN614AaABAg),-9bhyHg3d10
sootuckchoong7077,-9bhyHg3d10
user-rt1ho8dm8w,-9bhyHg3d10
JayP.,-2GOtnGXwpY
user-tp1hf7tl8b,-9bhyHg3d10
73chengosaro4,-CgqgkQ-CO4
user-te5ki9en9n,-CgqgkQ-CO4
iriemon1796 (Reply to Comment ID: UgxVQ8K_gYNtVKPECkx4AaABAg),-9bhyHg3d10
lutzknippert,-9bhyHg3d10
HYDRONORTHWESTTECHNOLOGI-jf1yf,-9bhyHg3d10
ch33sytac05 (Reply to Comment ID: UgxrCqhweXYBn_ic4OF4AaABAg),-9bhyHg3d10
55xr28 (Reply to Comment ID: Ugw5Q7mHERc8fm6se_94AaABAg),-9bhyHg3d10
dmitrysviridon,-CgqgkQ-CO4
iljastalberg5610,-9bhyHg3d10
user-tw8mm5ih5j,-CgqgkQ-CO4
botdetector9494,-2GOtnGXwpY
williampankiw7590 (Reply to Comment ID: UgzGOOSlqiXImhccpbx4AaABAg),-CgqgkQ-CO4
cyclonnb,-CgqgkQ-CO4
romanklis6407,-9bhyHg3d10
Grimnir_x,-2GOtnGXwpY
VWApachey,-9bhyHg3d10
2003AudiS3 (Reply to Comment ID: UgxSscqqmS-FEhZR5k54AaABAg),-CgqgkQ-CO4
frankiecalsone8536 (Reply to Comment ID: Ugx_ck5JaBO6o_X1wDd4AaABAg),-CgqgkQ-CO4
shamridz9287,-9bhyHg3d10
kassap118,-9bhyHg3d10
flameraker6824,-2GOtnGXwpY
georgerice4207,-9bhyHg3d10
loganwalker8537,-2GOtnGXwpY
murilomarianogomes,-CgqgkQ-CO4
m.g.debruin8294,-CgqgkQ-CO4
polly505,-CgqgkQ-CO4
sanjayafernando4534 (Reply to Comment ID: UgxDS2GvQLc6GNggkqJ4AaABAg),-9bhyHg3d10
DJquatermass (Reply to Comment ID: UgyvXj9tju6YVjMocid4AaABAg),-9bhyHg3d10
algoodmonin2172,-CgqgkQ-CO4
christophernicholls6067,-9bhyHg3d10
Studio55-rl4xf,-9bhyHg3d10
gm16180,-9bhyHg3d10
silvershocknicktail6638,-9bhyHg3d10
remost9957,-9bhyHg3d10
hamzaabbas2733 (Reply to Comment ID: Ugz80j5ckF8OrnyQQ6d4AaABAg),-CgqgkQ-CO4
Trollet456,-9bhyHg3d10
donaldmacdougall4679,-9bhyHg3d10
bunba_77_15,-2GOtnGXwpY
aleksiklove2755 (Reply to Comment ID: UgzVYjAo-d_wUr3v-y14AaABAg),-CgqgkQ-CO4
jamescavanagh4206,-9bhyHg3d10
mineown1861,-2GOtnGXwpY
patrucquoy8217 (Reply to Comment ID: Ugy2C4QktdOModb3ONl4AaABAg),-CgqgkQ-CO4
HJHeinzmann,-9bhyHg3d10
davidrobinson7112,-9bhyHg3d10
mafiasoft1,-CgqgkQ-CO4
user-uz9vb7hy1r,-9bhyHg3d10
02suraditpengsaeng41,-2GOtnGXwpY
pipopoikapelaa5468 (Reply to Comment ID: UgxEpuzuUFzE5eoA08x4AaABAg),-2GOtnGXwpY
heremite8198,-CgqgkQ-CO4
DEFRANCEOlivier,-9bhyHg3d10
frankiecalsone8536 (Reply to Comment ID: Ugwowf-WJNLJZaagJlh4AaABAg),-CgqgkQ-CO4
2003AudiS3 (Reply to Comment ID: UgySOhwCMLB_cncCI_N4AaABAg),-CgqgkQ-CO4
ethanedwards422 (Reply to Comment ID: UgxEpuzuUFzE5eoA08x4AaABAg),-2GOtnGXwpY
thedonegalfermer4816,-2GOtnGXwpY
shuttlespace04,-CgqgkQ-CO4
rudyd7306 (Reply to Comment ID: Ugy2C4QktdOModb3ONl4AaABAg),-CgqgkQ-CO4
user-mi2qw3ns4u (Reply to Comment ID: UgxmEP-i_Zl0bdJQIlx4AaABAg),-9bhyHg3d10
willifurrer21,-CgqgkQ-CO4
chourtout,-CgqgkQ-CO4
caseymalambo1306 (Reply to Comment ID: UgxrVp8ConEUa4sJgNZ4AaABAg),-CgqgkQ-CO4
Saboor222,-CgqgkQ-CO4
mrwilson7617 (Reply to Comment ID: Ugz80j5ckF8OrnyQQ6d4AaABAg),-CgqgkQ-CO4
ukrainianwarfare44 (Reply to Comment ID: UgxF-POp0Emr2eUkIKR4AaABAg),-2GOtnGXwpY
dasunsilva8296,-CgqgkQ-CO4
joeyboedeker2047,-9bhyHg3d10
kevinzukauskas9255,-9bhyHg3d10
Dirtdabber1972 (Reply to Comment ID: Ugw1OiRRGSX_OX5NaGt4AaABAg),-9bhyHg3d10
lonemaus562,-2GOtnGXwpY
harveyhams1572,-2GOtnGXwpY
anrepa59,-9bhyHg3d10
andleo8763,-CgqgkQ-CO4
whatif8741,-2GOtnGXwpY
jericgutierrez5765,-CgqgkQ-CO4
williampankiw7590 (Reply to Comment ID: Ugy2C4QktdOModb3ONl4AaABAg),-CgqgkQ-CO4
zeusc7140,-9bhyHg3d10
istiaqmujibtafader,-9bhyHg3d10
vladimirkarphotography (Reply to Comment ID: Ugw5Q7mHERc8fm6se_94AaABAg),-9bhyHg3d10
NeilPBrady,-9bhyHg3d10
brucegordon9007 (Reply to Comment ID: UgxstcCCo5d5Ij9gKml4AaABAg),-9bhyHg3d10
46magno,-9bhyHg3d10
user-nm4jr9vt7q,-CgqgkQ-CO4
ivantim781,-2GOtnGXwpY
leonardmayer2362,-9bhyHg3d10
shirleybaker3599,-9bhyHg3d10
rubenmikkelsen1783,-9bhyHg3d10
artyerlich3514 (Reply to Comment ID: UgzEB2NWuR2WASa4REB4AaABAg),-9bhyHg3d10
marinogomes4246,-CgqgkQ-CO4
georgegrant5737,-2GOtnGXwpY
carolflann2927,-9bhyHg3d10
anrepa59 (Reply to Comment ID: UgxuSVRSNXucvoQeN614AaABAg),-9bhyHg3d10
felipegarcia742,-9bhyHg3d10
Lucia-sy7le (Reply to Comment ID: Ugyj5lKBLHMUcpEPvRl4AaABAg),-9bhyHg3d10
IvanMartynenko-ir8xh,-CgqgkQ-CO4
MrTitnik,-9bhyHg3d10
billythekid8339,-2GOtnGXwpY
RWZiggy (Reply to Comment ID: UgxrCqhweXYBn_ic4OF4AaABAg),-9bhyHg3d10
SuperRandomNinja1,-2GOtnGXwpY
jonathanstein5049 (Reply to Comment ID: Ugwdh-CurWLhPm6F9fd4AaABAg),-9bhyHg3d10
user-sn4dd2bu5v,-CgqgkQ-CO4
georgeknapik1497,-9bhyHg3d10
paulfaigl8329 (Reply to Comment ID: Ugy1jeG7_-HQJDfyZU94AaABAg),-9bhyHg3d10
zv4822,-9bhyHg3d10
noblemann4898,-2GOtnGXwpY
IanAnderson-qm5oy,-9bhyHg3d10
TheRealDuolingo1,-2GOtnGXwpY
muhammadjawaid6663,-9bhyHg3d10
sherryrussell4420 (Reply to Comment ID: UgzrlSOCBHznHuANrWB4AaABAg),-9bhyHg3d10
iROChakri,-9bhyHg3d10
carlbervin8183 (Reply to Comment ID: UgwRkG1W3zrniQEh_fF4AaABAg),-9bhyHg3d10
pipopoikapelaa5468 (Reply to Comment ID: UgzlYOjZ4Bu7JFtKjot4AaABAg),-2GOtnGXwpY
hansbiemond7642,-9bhyHg3d10
6r4metroman,-CgqgkQ-CO4
debbiegoff8586,-9bhyHg3d10
anncoffey8375 (Reply to Comment ID: Ugyj5lKBLHMUcpEPvRl4AaABAg),-9bhyHg3d10
reyr9571,-9bhyHg3d10
jakubnosarzewski4897 (Reply to Comment ID: UgxzktIXKibxJ1MBPMh4AaABAg),-CgqgkQ-CO4
67smilerify (Reply to Comment ID: UgzGOOSlqiXImhccpbx4AaABAg),-CgqgkQ-CO4
ivansenin6928,-9bhyHg3d10
chadhaire1711 (Reply to Comment ID: Ugw1OiRRGSX_OX5NaGt4AaABAg),-9bhyHg3d10
ediriswanto8394 (Reply to Comment ID: UgzI3t7muL29OD3DY9Z4AaABAg),-9bhyHg3d10
sternrobinson3746,-9bhyHg3d10
Jeffoneil.BanburyHairSalon. (Reply to Comment ID: UgxrVp8ConEUa4sJgNZ4AaABAg),-CgqgkQ-CO4
georgekmkakana1557,-9bhyHg3d10
CM20228,-9bhyHg3d10
fabiotamburrano9964 (Reply to Comment ID: Ugy03nv8CaVKabM-va54AaABAg),-9bhyHg3d10
1103Leona,-2GOtnGXwpY
recieve.believe3344 (Reply to Comment ID: UgxQYD-My9OitqFwu714AaABAg),-9bhyHg3d10
coltinyancey6420,-2GOtnGXwpY
invisibleenergy1306,-9bhyHg3d10
johnfrancis9668,-9bhyHg3d10
masonfortney249,-9bhyHg3d10
paulfaigl8329 (Reply to Comment ID: Ugwps38dRKMvqsVV6Ed4AaABAg),-9bhyHg3d10
davidrickwood5924,-9bhyHg3d10
paulsavotins924,-CgqgkQ-CO4
pascualwanderpool4619,-CgqgkQ-CO4
brentmarr1331,-9bhyHg3d10
PrestonStewart (Reply to Comment ID: UgyqXDsTooXLD4nFbXd4AaABAg),-2GOtnGXwpY
VersusARCH,-9bhyHg3d10
user-if5iq4ly3m,-9bhyHg3d10
ahmedhussein8962,-9bhyHg3d10
shploonsk (Reply to Comment ID: UgwfWB_y-lVb5TMgdbx4AaABAg),-CgqgkQ-CO4
ashfield1425,-2GOtnGXwpY
bojanstojicevic2642,-9bhyHg3d10
someturkishguy8638 (Reply to Comment ID: UgxNla-xm69N4GWlirx4AaABAg),-2GOtnGXwpY
2003AudiS3 (Reply to Comment ID: UgwCEumLAMMIiEZH17V4AaABAg),-CgqgkQ-CO4
antonikacan-qi7py,-9bhyHg3d10
keesvanwesterop2954 (Reply to Comment ID: Ugyx8qfDMRUBnSrPztx4AaABAg),-2GOtnGXwpY
user-si7bi7fh7e,-CgqgkQ-CO4
woxnerw,-9bhyHg3d10
slimj091,-CgqgkQ-CO4
juliancisneros8696,-9bhyHg3d10
Arnold_Slater1223 (Reply to Comment ID: Ugy2C4QktdOModb3ONl4AaABAg),-CgqgkQ-CO4
user-ox1ge5mh3v,-9bhyHg3d10
monka1046,-9bhyHg3d10
ReggieVenter,-9bhyHg3d10
user-mr8br7pd3o,-9bhyHg3d10
COOL_CANADIAN,-2GOtnGXwpY
johnathanross8951,-9bhyHg3d10
kopiireng8342,-9bhyHg3d10
pliashmuldba,-CgqgkQ-CO4
fabiotamburrano9964,-9bhyHg3d10
iriemon1796 (Reply to Comment ID: Ugwdh-CurWLhPm6F9fd4AaABAg),-9bhyHg3d10
mariogralke7319,-CgqgkQ-CO4
georgeodhiambo598 (Reply to Comment ID: UgxX8WT_ArdI5hkVBcp4AaABAg),-9bhyHg3d10
paulheitkemper1559,-2GOtnGXwpY
Oblivionchampion,-2GOtnGXwpY
mace8873,-2GOtnGXwpY
artevita17,-9bhyHg3d10
jonathanstein5049 (Reply to Comment ID: UgzEB2NWuR2WASa4REB4AaABAg),-9bhyHg3d10
jimbo527188,-9bhyHg3d10
jonsawyer9808,-2GOtnGXwpY
paulrasmussen3858,-9bhyHg3d10
Tha66,-CgqgkQ-CO4
topcat9852 (Reply to Comment ID: UgyeYYKqRNyzvpU9Oah4AaABAg),-9bhyHg3d10
jeremyirons2774,-2GOtnGXwpY
ashibmohammed5206 (Reply to Comment ID: UgxkCeixBmYBcpm8Ow94AaABAg),-9bhyHg3d10
pathfinder3754,-9bhyHg3d10
Humax918,-9bhyHg3d10
wolfgangdopke5290 (Reply to Comment ID: UgzEDqWugARyRbn90tZ4AaABAg),-CgqgkQ-CO4
ianwheat1577,-9bhyHg3d10
ronaldgrove3283 (Reply to Comment ID: UgyPMXFGczlX3ibUOPR4AaABAg),-9bhyHg3d10
noelburke6224 (Reply to Comment ID: UgxkCeixBmYBcpm8Ow94AaABAg),-9bhyHg3d10
gout6533,-2GOtnGXwpY
donnrutherford7059,-9bhyHg3d10
Stk3r,-2GOtnGXwpY
dude5415,-2GOtnGXwpY
ronaldlintow3782,-9bhyHg3d10
marjanenjp,-CgqgkQ-CO4
artcurious807,-2GOtnGXwpY
bashira.622 (Reply to Comment ID: UgzEB2NWuR2WASa4REB4AaABAg),-9bhyHg3d10
pgofsf,-9bhyHg3d10
marcellosapienza1755,-9bhyHg3d10
francoisbroukx1244 (Reply to Comment ID: UgxQYD-My9OitqFwu714AaABAg),-9bhyHg3d10
deadmanprodinc,-9bhyHg3d10
TamagoHead,-2GOtnGXwpY
Breal30541,-9bhyHg3d10
nelsongabilan6937,-9bhyHg3d10
giaguarocoloso2903,-9bhyHg3d10
_alienblood (Reply to Comment ID: UgxrVp8ConEUa4sJgNZ4AaABAg),-CgqgkQ-CO4
andyhughes1776 (Reply to Comment ID: UgxrCqhweXYBn_ic4OF4AaABAg),-9bhyHg3d10
user-ds5ce2bu9j,-9bhyHg3d10
Derwentcub,-9bhyHg3d10
55xr28 (Reply to Comment ID: UgwtA-Dl051gqhdDSKB4AaABAg),-9bhyHg3d10
Dirtdabber1972 (Reply to Comment ID: UgzFa2cN4Zjs8ODVlIF4AaABAg),-9bhyHg3d10
batyizhusupov2690 (Reply to Comment ID: UgxF-POp0Emr2eUkIKR4AaABAg),-2GOtnGXwpY
kathelineblain7224,-9bhyHg3d10
jtf2dan,-CgqgkQ-CO4
pittsburghwill,-CgqgkQ-CO4
75-qt2hp (Reply to Comment ID: UgwEVnrG2DBeN8LAICx4AaABAg),-CgqgkQ-CO4
khiem1939 (Reply to Comment ID: UgzEB2NWuR2WASa4REB4AaABAg),-9bhyHg3d10
stancekings7231,-9bhyHg3d10
AlwynDuplessis-oc4kl,-9bhyHg3d10
Lucia-sy7le (Reply to Comment ID: UgzsA-eEZSnY9-s6X-V4AaABAg),-9bhyHg3d10
Bokicazver (Reply to Comment ID: Ugz47Amws-i300b8M-t4AaABAg),-9bhyHg3d10
jarijylha-ollila3622,-9bhyHg3d10
peterpiper_203,-2GOtnGXwpY
rockapedra1130 (Reply to Comment ID: UgwNLjKO8wWhrgP3Qo14AaABAg),-9bhyHg3d10
robbierivers8549,-9bhyHg3d10
mikec6733,-9bhyHg3d10
AMERICANPATRIOT1945,-9bhyHg3d10
waynepascoe3309,-9bhyHg3d10
MutatedPizzaBoi (Reply to Comment ID: UgzsA-eEZSnY9-s6X-V4AaABAg),-9bhyHg3d10
patriceclermont6482,-9bhyHg3d10
WhiteSeaLeviathan,-2GOtnGXwpY
Bwolf727 (Reply to Comment ID: UgxX8WT_ArdI5hkVBcp4AaABAg),-9bhyHg3d10
desinto,-CgqgkQ-CO4
MrTerresainte,-9bhyHg3d10
garrettrye6951 (Reply to Comment ID: Ugx4eWlnoBngzCYajT94AaABAg),-9bhyHg3d10
erockoutdoors633,-2GOtnGXwpY
MikeJohnsonPutinPuppet (Reply to Comment ID: UgzGOOSlqiXImhccpbx4AaABAg),-CgqgkQ-CO4
petersommerville3574,-9bhyHg3d10
AndytRandom (Reply to Comment ID: Ugyx8qfDMRUBnSrPztx4AaABAg),-2GOtnGXwpY
kukakukadwhite8003,-CgqgkQ-CO4
NAFO_Posting_Their_Ls (Reply to Comment ID: UgzGOOSlqiXImhccpbx4AaABAg),-CgqgkQ-CO4
danielslamanig8657,-9bhyHg3d10
haalstaag,-CgqgkQ-CO4
MMariT (Reply to Comment ID: UgzEB2NWuR2WASa4REB4AaABAg),-9bhyHg3d10
loganmancini8759,-9bhyHg3d10
jamaicanfootfungus1204,-2GOtnGXwpY
UKNEWS2023 (Reply to Comment ID: Ugwdh-CurWLhPm6F9fd4AaABAg),-9bhyHg3d10
TheNguyenGiap,-9bhyHg3d10
shicks9231,-9bhyHg3d10
brianpartlow5530,-2GOtnGXwpY
JustKaga (Reply to Comment ID: Ugwdh-CurWLhPm6F9fd4AaABAg),-9bhyHg3d10
Burgher1605,-CgqgkQ-CO4
recieve.believe3344 (Reply to Comment ID: UgwYDNAp9vLkeBv7r914AaABAg),-9bhyHg3d10
RareSense (Reply to Comment ID: UgzEeZ_6XAygaRsVhZZ4AaABAg),-9bhyHg3d10
luckylongshotz,-9bhyHg3d10
hansboet954,-9bhyHg3d10
kashleeqhuithorma2656,-9bhyHg3d10
JohnSmith-un9jm,-9bhyHg3d10
user-dl7jg8cc1o,-CgqgkQ-CO4
Mibas_ (Reply to Comment ID: UgwaP7uzHX6TYasHzZh4AaABAg),-CgqgkQ-CO4
timwinfield8509,-9bhyHg3d10
jerry3653 (Reply to Comment ID: UgzEDqWugARyRbn90tZ4AaABAg),-CgqgkQ-CO4
Troph2,-2GOtnGXwpY
Burgher1605 (Reply to Comment ID: UgwPNxvp2hxCPLGX5Wh4AaABAg),-CgqgkQ-CO4
Martini3inc,-9bhyHg3d10
JaneSoole,-9bhyHg3d10
Peter-pg4oh,-9bhyHg3d10
chihuahua3892 (Reply to Comment ID: UgxNla-xm69N4GWlirx4AaABAg),-2GOtnGXwpY
LoveBagpipes,-9bhyHg3d10
fred4687,-9bhyHg3d10
ronaldgrove3283 (Reply to Comment ID: UgxD4oXcybEu7VZfEAx4AaABAg),-9bhyHg3d10
ScarlettFernandez7,-CgqgkQ-CO4
boota1979 (Reply to Comment ID: UgyHs0AQ2RmIzjoZr5J4AaABAg),-CgqgkQ-CO4
michaelsburger665 (Reply to Comment ID: UgyOegxifLLwNKBAXzl4AaABAg),-9bhyHg3d10
naimyadally193,-9bhyHg3d10
cjmatulka8321,-9bhyHg3d10
robertwilson214 (Reply to Comment ID: Ugyj5lKBLHMUcpEPvRl4AaABAg),-9bhyHg3d10
piccadelly9360 (Reply to Comment ID: UgzLPmcEcA8YI7iVCCB4AaABAg),-CgqgkQ-CO4
VehicleLivesMatter,-2GOtnGXwpY
Windband1,-9bhyHg3d10
robertelliott4547 (Reply to Comment ID: UgzIf_R8cNJjSBxMKCh4AaABAg),-9bhyHg3d10
MMariT (Reply to Comment ID: Ugwps38dRKMvqsVV6Ed4AaABAg),-9bhyHg3d10
LinaRuss88,-9bhyHg3d10
carlbervin8183 (Reply to Comment ID: Ugyj5lKBLHMUcpEPvRl4AaABAg),-9bhyHg3d10
algoodmonin2172 (Reply to Comment ID: Ugy2C4QktdOModb3ONl4AaABAg),-CgqgkQ-CO4
user-wu2tn4eb7m,-9bhyHg3d10
alec1984 (Reply to Comment ID: UgxDS2GvQLc6GNggkqJ4AaABAg),-9bhyHg3d10
maryhanna9147,-9bhyHg3d10
ekoflow77 (Reply to Comment ID: UgyvXj9tju6YVjMocid4AaABAg),-9bhyHg3d10
unnamedshadow1866 (Reply to Comment ID: UgwNLjKO8wWhrgP3Qo14AaABAg),-9bhyHg3d10
douglasbruce4991 (Reply to Comment ID: UgxuSVRSNXucvoQeN614AaABAg),-9bhyHg3d10
phxfarmer4844,-9bhyHg3d10
matthewwinn4006,-CgqgkQ-CO4
soulquesthealingmusic2307,-9bhyHg3d10
grahamfitzjohn,-9bhyHg3d10
vidutepi2843,-9bhyHg3d10
PrestonStewart (Reply to Comment ID: UgwaQnDZPbqtlCLUVfR4AaABAg),-2GOtnGXwpY
silviamallios891,-9bhyHg3d10
nataliehozjan9103,-9bhyHg3d10
loschwahn723,-9bhyHg3d10
BGK531,-9bhyHg3d10
loganmancini8759 (Reply to Comment ID: Ugwdh-CurWLhPm6F9fd4AaABAg),-9bhyHg3d10
mortza_marizadh,-2GOtnGXwpY
kayrams1792,-9bhyHg3d10
beeamerica5024,-2GOtnGXwpY
williamhawks2372,-9bhyHg3d10
bryangaldamez790,-9bhyHg3d10
biggtrux (Reply to Comment ID: Ugxj_9EMmXOLNmawC7p4AaABAg),-CgqgkQ-CO4
billstill1794 (Reply to Comment ID: Ugxh6g3Ft38d9K0G3vh4AaABAg),-CgqgkQ-CO4
mrderxx1227,-CgqgkQ-CO4
aleksa99se,-9bhyHg3d10
elizeumestre,-CgqgkQ-CO4
chonasunico4202,-9bhyHg3d10
George-gk7nc,-9bhyHg3d10
solomontembo8774,-9bhyHg3d10
carlosorff,-9bhyHg3d10
symbol8246,-9bhyHg3d10
robertpritchard4681,-9bhyHg3d10
tonyquicklaps4347,-2GOtnGXwpY
KevinMarc-pt2tx,-9bhyHg3d10
nicholasotto3282,-2GOtnGXwpY
danielesti (Reply to Comment ID: UgyvXj9tju6YVjMocid4AaABAg),-9bhyHg3d10
POPE_FRANC1S,-2GOtnGXwpY
lanceg136,-9bhyHg3d10
josipemmer6780 (Reply to Comment ID: Ugy1jeG7_-HQJDfyZU94AaABAg),-9bhyHg3d10
ignatcatalin6309,-9bhyHg3d10
enclavegeneral2077,-2GOtnGXwpY
jisifoff2469,-9bhyHg3d10
jangofett0102,-2GOtnGXwpY
reuben5986,-2GOtnGXwpY
kabdul9208,-2GOtnGXwpY
onlyrushb6428,-2GOtnGXwpY
DJquatermass,-9bhyHg3d10
simonpaul3463,-9bhyHg3d10
macbobXD,-9bhyHg3d10
pauladesina6403 (Reply to Comment ID: UgxrVp8ConEUa4sJgNZ4AaABAg),-CgqgkQ-CO4
kommissarahren8727,-2GOtnGXwpY
Gladius7,-CgqgkQ-CO4
curtgomes,-9bhyHg3d10
chrisphillips8419,-9bhyHg3d10
godzillasmother,-9bhyHg3d10
Ninjaturtle1,-CgqgkQ-CO4
petereriksson7166,-CgqgkQ-CO4
rosszografov614,-9bhyHg3d10
TheNilla2020 (Reply to Comment ID: UgwaP7uzHX6TYasHzZh4AaABAg),-CgqgkQ-CO4
atyafatima386,-9bhyHg3d10
lupus2848,-9bhyHg3d10
PrestonStewart (Reply to Comment ID: UgzFNUHOWw7lZTJXePZ4AaABAg),-2GOtnGXwpY
JackMacCabe,-9bhyHg3d10
Ukraine4TheWin,-CgqgkQ-CO4
75-qt2hp (Reply to Comment ID: Ugz1kKABM0xANCRTkHJ4AaABAg),-CgqgkQ-CO4
boota1979 (Reply to Comment ID: UgxwiYm2lw3zEdTf6ct4AaABAg),-CgqgkQ-CO4
edwardmiles4911,-9bhyHg3d10
rcetvg11n72,-9bhyHg3d10
Troy_Tempest,-9bhyHg3d10
avegromek (Reply to Comment ID: UgzEDqWugARyRbn90tZ4AaABAg),-CgqgkQ-CO4
tendwaten6027 (Reply to Comment ID: UgwNLjKO8wWhrgP3Qo14AaABAg),-9bhyHg3d10
AnthonyTolhurst-dw1nc,-CgqgkQ-CO4
davidmontee2998,-2GOtnGXwpY
allent.g560 (Reply to Comment ID: Ugx4whZSn-WrKNaEXGx4AaABAg),-2GOtnGXwpY
karabakhazerbaijan360,-CgqgkQ-CO4
shploonsk (Reply to Comment ID: UgwRWY0bOFfl80xQf854AaABAg),-CgqgkQ-CO4
robertfrancis7767,-2GOtnGXwpY
billstill1794,-CgqgkQ-CO4
zajxperia3983,-2GOtnGXwpY
bluemoon2934,-9bhyHg3d10
chairde,-2GOtnGXwpY
entendreentendre3734,-9bhyHg3d10
santossteven97 (Reply to Comment ID: Ugy2C4QktdOModb3ONl4AaABAg),-CgqgkQ-CO4
user-cp1qi4wy7j,-CgqgkQ-CO4
habiyamberelazare9518,-9bhyHg3d10
lianvandenheever6387,-9bhyHg3d10
magundans5994,-9bhyHg3d10
topcat9852 (Reply to Comment ID: Ugx3qTfxRDXGKm-NpDF4AaABAg),-9bhyHg3d10
inuzukamya,-CgqgkQ-CO4
mbryson2899,-2GOtnGXwpY
user-nf2if1jb1j,-9bhyHg3d10
garytan9904 (Reply to Comment ID: Ugwdh-CurWLhPm6F9fd4AaABAg),-9bhyHg3d10
georgepopa1674 (Reply to Comment ID: UgzEB2NWuR2WASa4REB4AaABAg),-9bhyHg3d10
TopCityGhostHunts,-2GOtnGXwpY
chriswouse7713,-2GOtnGXwpY
75-qt2hp (Reply to Comment ID: UgxmqEkhNs9IqKm_Ro14AaABAg),-CgqgkQ-CO4
amelielopez8847,-9bhyHg3d10
littlegreenman2014,-2GOtnGXwpY
jonathanstein5049 (Reply to Comment ID: UgxuSVRSNXucvoQeN614AaABAg),-9bhyHg3d10
slavking992 (Reply to Comment ID: UgwZ-jpibNvDdn5xCdJ4AaABAg),-2GOtnGXwpY
mobilephil244,-CgqgkQ-CO4
Dirtdabber1972 (Reply to Comment ID: UgwU2Hoj8BnME85JLDl4AaABAg),-9bhyHg3d10
MinhHieuNguyenChannel-wb7ic (Reply to Comment ID: Ugy2C4QktdOModb3ONl4AaABAg),-CgqgkQ-CO4
trollege9618 (Reply to Comment ID: UgyaqdHj9R1PkzxS3n14AaABAg),-2GOtnGXwpY
atlantic3866 (Reply to Comment ID: UgxzktIXKibxJ1MBPMh4AaABAg),-CgqgkQ-CO4
IAMYOURHUMBLESERVANT (Reply to Comment ID: Ugy2RSrz8OCF-1nTRZh4AaABAg),-9bhyHg3d10
donfrandsen7778,-2GOtnGXwpY
SSGfishbob,-2GOtnGXwpY
snownoheakennedy9561,-2GOtnGXwpY
goldcoasttime,-9bhyHg3d10
ataksnajpera (Reply to Comment ID: UgxzktIXKibxJ1MBPMh4AaABAg),-CgqgkQ-CO4
miljororforsprakpartiet290 (Reply to Comment ID: Ugwdh-CurWLhPm6F9fd4AaABAg),-9bhyHg3d10
Jeffoneil.BanburyHairSalon. (Reply to Comment ID: Ugy2C4QktdOModb3ONl4AaABAg),-CgqgkQ-CO4
5Ring,-CgqgkQ-CO4
user-ok2mn4bw7u,-CgqgkQ-CO4
wolfgangdopke5290,-CgqgkQ-CO4
thecrazycybermaster4450,-2GOtnGXwpY
nike778,-CgqgkQ-CO4
vitoriaguimaraes6241 (Reply to Comment ID: Ugy2C4QktdOModb3ONl4AaABAg),-CgqgkQ-CO4
ronaldgrove3283 (Reply to Comment ID: UgxmEP-i_Zl0bdJQIlx4AaABAg),-9bhyHg3d10
banana.3009,-2GOtnGXwpY
Blobby192 (Reply to Comment ID: UgxhRmgBo0Zy-6qMTft4AaABAg),-9bhyHg3d10
jeffreymoran6234,-2GOtnGXwpY
timtawney9999,-9bhyHg3d10
iriemon1796 (Reply to Comment ID: UgxrCqhweXYBn_ic4OF4AaABAg),-9bhyHg3d10
fidia_temple,-9bhyHg3d10
marcellogabellone9755,-9bhyHg3d10
ronaldgrove3283 (Reply to Comment ID: UgwtA-Dl051gqhdDSKB4AaABAg),-9bhyHg3d10
johnblack9473,-CgqgkQ-CO4
NBC_7,-2GOtnGXwpY
PrestonStewart (Reply to Comment ID: Ugyi4lCbDl7ZLEf0fQR4AaABAg),-2GOtnGXwpY
jimamar (Reply to Comment ID: UgwvK2nx7gAbkhDCFCB4AaABAg),-9bhyHg3d10
46templar,-2GOtnGXwpY
user-zy1nf2yf7y,-9bhyHg3d10
randominsanity7326,-2GOtnGXwpY
robj2704,-CgqgkQ-CO4
ivandgr8224,-CgqgkQ-CO4
user-qo1fz1dn8u,-CgqgkQ-CO4
2112jonr (Reply to Comment ID: UgzEB2NWuR2WASa4REB4AaABAg),-9bhyHg3d10
antonsikunda9905,-9bhyHg3d10
bigj9761,-9bhyHg3d10
phanophun,-2GOtnGXwpY
ibyiwacutv646,-9bhyHg3d10
PrestonStewart (Reply to Comment ID: Ugx2mKkWbRA0GdXK9P14AaABAg),-2GOtnGXwpY
katong1953 (Reply to Comment ID: UgzEB2NWuR2WASa4REB4AaABAg),-9bhyHg3d10
mb-es2eb,-2GOtnGXwpY
patrickpower3587,-9bhyHg3d10
16252,-CgqgkQ-CO4
johnhopkins4012,-9bhyHg3d10
vladsemen1168,-CgqgkQ-CO4
ravishing-troop5276 (Reply to Comment ID: UgxX8WT_ArdI5hkVBcp4AaABAg),-9bhyHg3d10
jamesconner1639,-2GOtnGXwpY
jasoncummings7052 (Reply to Comment ID: Ugz-Bpqg1ynQInLbiJF4AaABAg),-9bhyHg3d10
texasslingleadsomtingwong8751,-2GOtnGXwpY
jimamar (Reply to Comment ID: UgxDS2GvQLc6GNggkqJ4AaABAg),-9bhyHg3d10
zetadervish737,-9bhyHg3d10
admilsonoo7 (Reply to Comment ID: UgxrCqhweXYBn_ic4OF4AaABAg),-9bhyHg3d10
brianesguerra3565,-2GOtnGXwpY
leehinthian7091,-9bhyHg3d10
johndewey6358 (Reply to Comment ID: UgwfGlF4QaXjgSsuo9R4AaABAg),-CgqgkQ-CO4
kingkreole9121,-CgqgkQ-CO4
nicolasolton (Reply to Comment ID: Ugy2C4QktdOModb3ONl4AaABAg),-CgqgkQ-CO4
vladimirhricak565,-9bhyHg3d10
barracuda7018,-9bhyHg3d10
ralfp744,-9bhyHg3d10
jansenart0 (Reply to Comment ID: UgzEeZ_6XAygaRsVhZZ4AaABAg),-9bhyHg3d10
knowledge3563,-CgqgkQ-CO4
hughmungus8080,-CgqgkQ-CO4
tonyntone3425,-2GOtnGXwpY
mobiusZero2,-2GOtnGXwpY
roystewart4386,-9bhyHg3d10
nam3less14 (Reply to Comment ID: UgybcwAEd2G1iUVzOal4AaABAg),-9bhyHg3d10
crollalanza6476,-9bhyHg3d10
toxi8495,-CgqgkQ-CO4
carlbervin8183 (Reply to Comment ID: UgwxziA77YLAwuNz9sJ4AaABAg),-9bhyHg3d10
saffron1977 (Reply to Comment ID: UgwxziA77YLAwuNz9sJ4AaABAg),-9bhyHg3d10
jayk5323,-2GOtnGXwpY
MikeJohnsonPutinPuppet (Reply to Comment ID: Ugw54B1JC7CRzqyexu94AaABAg),-CgqgkQ-CO4
danpaval (Reply to Comment ID: Ugz47Amws-i300b8M-t4AaABAg),-9bhyHg3d10
davidlim5,-9bhyHg3d10
75-qt2hp (Reply to Comment ID: UgzEDqWugARyRbn90tZ4AaABAg),-CgqgkQ-CO4
AG-mn6bf,-9bhyHg3d10
trumpforever6706 (Reply to Comment ID: UgxuSVRSNXucvoQeN614AaABAg),-9bhyHg3d10
wardanawayan2193,-9bhyHg3d10
mrwilson7617 (Reply to Comment ID: UgzGOOSlqiXImhccpbx4AaABAg),-CgqgkQ-CO4
user-mi2qw3ns4u (Reply to Comment ID: UgxcI92A3jcLmrS1yVZ4AaABAg),-9bhyHg3d10
lucyaiya8288,-9bhyHg3d10
55xr28 (Reply to Comment ID: UgxX8WT_ArdI5hkVBcp4AaABAg),-9bhyHg3d10
thethinkingman-,-9bhyHg3d10
genelarson6849 (Reply to Comment ID: UgwxziA77YLAwuNz9sJ4AaABAg),-9bhyHg3d10
stephenhickman304 (Reply to Comment ID: UgxuSVRSNXucvoQeN614AaABAg),-9bhyHg3d10
imammaarifarif4388,-CgqgkQ-CO4
PrestonStewart (Reply to Comment ID: Ugyx8qfDMRUBnSrPztx4AaABAg),-2GOtnGXwpY
brad6317,-9bhyHg3d10
MH-le2fr,-CgqgkQ-CO4
idreessahadat3002,-9bhyHg3d10
johnj5985,-9bhyHg3d10
justsomedude77,-2GOtnGXwpY
lewcrowley3710 (Reply to Comment ID: Ugy2C4QktdOModb3ONl4AaABAg),-CgqgkQ-CO4
user-wu5je8nd3n,-9bhyHg3d10
16252 (Reply to Comment ID: UgwfGlF4QaXjgSsuo9R4AaABAg),-CgqgkQ-CO4
ivandgr8224 (Reply to Comment ID: UgzEDqWugARyRbn90tZ4AaABAg),-CgqgkQ-CO4
thesage4729,-9bhyHg3d10
YaBoiAlex (Reply to Comment ID: UgyvXj9tju6YVjMocid4AaABAg),-9bhyHg3d10
slasuoslasuo,-9bhyHg3d10
bijunair2573,-9bhyHg3d10
vedagower-my5wy,-9bhyHg3d10
justmyownpersonalopinion,-9bhyHg3d10
deesmith6363,-9bhyHg3d10
i_am_a_2708,-9bhyHg3d10
ridvanpeshkopia8751,-9bhyHg3d10
janickiy (Reply to Comment ID: Ugxa5K0gjRJ2r5h2NUx4AaABAg),-CgqgkQ-CO4
raylazy5637 (Reply to Comment ID: UgxX8WT_ArdI5hkVBcp4AaABAg),-9bhyHg3d10
nathannomad984,-9bhyHg3d10
user-mi2qw3ns4u (Reply to Comment ID: UgxrCqhweXYBn_ic4OF4AaABAg),-9bhyHg3d10
LehmannMr (Reply to Comment ID: UgzWHI6nQQNjM03-Qhp4AaABAg),-9bhyHg3d10
John-hu9qg,-CgqgkQ-CO4
edwardbrophy9749,-CgqgkQ-CO4
WeejimmySnazberry (Reply to Comment ID: Ugxj_9EMmXOLNmawC7p4AaABAg),-CgqgkQ-CO4
skoobdavinci2247 (Reply to Comment ID: UgzdOBaZcDnnqmtt4LJ4AaABAg),-2GOtnGXwpY
britishjack6901,-2GOtnGXwpY
deonster1 (Reply to Comment ID: Ugy1jeG7_-HQJDfyZU94AaABAg),-9bhyHg3d10
Skatakephalos7434 (Reply to Comment ID: UgxuSVRSNXucvoQeN614AaABAg),-9bhyHg3d10
mikewebber7553,-2GOtnGXwpY
gabrielciocoiu2382,-9bhyHg3d10
interruptingcow2418,-2GOtnGXwpY
paraguard60 (Reply to Comment ID: UgwaP7uzHX6TYasHzZh4AaABAg),-CgqgkQ-CO4
stefmethaudsw,-9bhyHg3d10
iriemon1796 (Reply to Comment ID: Ugyj5lKBLHMUcpEPvRl4AaABAg),-9bhyHg3d10
andrekruger135,-CgqgkQ-CO4
alanmacification,-2GOtnGXwpY
davidgaston738,-CgqgkQ-CO4
RWZiggy (Reply to Comment ID: Ugws_B8yx0rjZCYgHBx4AaABAg),-9bhyHg3d10
barbaramcmahon499,-9bhyHg3d10
Preview43,-CgqgkQ-CO4
useryggfdcc,-9bhyHg3d10
stephenisom6089,-9bhyHg3d10
jonathanmckeage8222,-2GOtnGXwpY
garyt4983,-9bhyHg3d10
loschwahn723 (Reply to Comment ID: Ugyj5lKBLHMUcpEPvRl4AaABAg),-9bhyHg3d10
constantinmilitaru,-9bhyHg3d10
roubika1922,-9bhyHg3d10
thunderstruck1078,-CgqgkQ-CO4
marystapley309,-CgqgkQ-CO4
boota1979 (Reply to Comment ID: UgzLPmcEcA8YI7iVCCB4AaABAg),-CgqgkQ-CO4
deusvult6920,-2GOtnGXwpY
stalwartteakettlepotato9879,-2GOtnGXwpY
politicallyincorrect4452 (Reply to Comment ID: UgxNla-xm69N4GWlirx4AaABAg),-2GOtnGXwpY
TraveltoSakartvelo,-9bhyHg3d10
geckogames6722,-2GOtnGXwpY
aleksandarjokic2918,-CgqgkQ-CO4
azazello1985,-2GOtnGXwpY
garyaltenburger6667,-9bhyHg3d10
TrippyTrev76,-2GOtnGXwpY
user-yn1im6yt7z,-9bhyHg3d10
arcies9286,-9bhyHg3d10
ivicastanonkovski8338 (Reply to Comment ID: UgzEeZ_6XAygaRsVhZZ4AaABAg),-9bhyHg3d10
devilik3692 (Reply to Comment ID: UgyvXj9tju6YVjMocid4AaABAg),-9bhyHg3d10
artemyavorskyi5865,-2GOtnGXwpY
Arnold_Slater1223 (Reply to Comment ID: UgwfWB_y-lVb5TMgdbx4AaABAg),-CgqgkQ-CO4
chrisroach5821 (Reply to Comment ID: UgxrCqhweXYBn_ic4OF4AaABAg),-9bhyHg3d10
ctherats6023,-9bhyHg3d10
recieve.believe3344 (Reply to Comment ID: UgxuSVRSNXucvoQeN614AaABAg),-9bhyHg3d10
ishrirampersad8809,-9bhyHg3d10
danfromthewest,-2GOtnGXwpY
RWZiggy (Reply to Comment ID: Ugwm7Ea50tpbDprBg8x4AaABAg),-9bhyHg3d10
jonelbondyingnuezca742,-9bhyHg3d10
ArnelYere-bm8rj,-9bhyHg3d10
thatww2nerd81,-2GOtnGXwpY
danielculpepper9258 (Reply to Comment ID: UgxouxaNHNLCx6Kh6td4AaABAg),-9bhyHg3d10
StavroginNikolay,-9bhyHg3d10
user-uo9dr2me5v,-9bhyHg3d10
tendwaten6027 (Reply to Comment ID: Ugz_t-nBHXxSn91Rv9t4AaABAg),-9bhyHg3d10
MiguelFlores-iy5gg (Reply to Comment ID: UgzvuXgG9x6ra2_sf-54AaABAg),-CgqgkQ-CO4
korelly (Reply to Comment ID: UgxQYD-My9OitqFwu714AaABAg),-9bhyHg3d10
ondrejp411,-9bhyHg3d10
ronaldgrove3283 (Reply to Comment ID: UgxDS2GvQLc6GNggkqJ4AaABAg),-9bhyHg3d10
thecanadianartist6273,-9bhyHg3d10
MarkFranklin-xw6yd,-9bhyHg3d10
michaelwilliams-qx7bl,-9bhyHg3d10
2112jonr,-9bhyHg3d10
parsiuskarma5028,-9bhyHg3d10
kadekmelia9639 (Reply to Comment ID: Ugy2C4QktdOModb3ONl4AaABAg),-CgqgkQ-CO4
pliashmuldba (Reply to Comment ID: Ugy2C4QktdOModb3ONl4AaABAg),-CgqgkQ-CO4
johnbodman4504,-9bhyHg3d10
rg-guy3907 (Reply to Comment ID: UgxuSVRSNXucvoQeN614AaABAg),-9bhyHg3d10
foxtrot2alpha960 (Reply to Comment ID: UgxiKVmvi1F3snJUcJ54AaABAg),-2GOtnGXwpY
josefptacek113 (Reply to Comment ID: UgxiKVmvi1F3snJUcJ54AaABAg),-2GOtnGXwpY
mouseblackcat5263 (Reply to Comment ID: UgwM09oN6Z_Czc0XIWZ4AaABAg),-2GOtnGXwpY
yuriiovdiienko2126 (Reply to Comment ID: UgyvKoIC1I0boF9ovkZ4AaABAg),-CgqgkQ-CO4
user-de1xb3jf1v,-9bhyHg3d10
ahtoh1,-CgqgkQ-CO4
SlowRule,-CgqgkQ-CO4
ronieskoppellitus9030,-9bhyHg3d10
YeahMan8,-CgqgkQ-CO4
FUNNYCATMAN570,-2GOtnGXwpY
adambraunstein3283,-CgqgkQ-CO4
indy69541,-9bhyHg3d10
noahidegenocide9600,-9bhyHg3d10
mrbaab5932,-2GOtnGXwpY
matturner7763 (Reply to Comment ID: UgwNLjKO8wWhrgP3Qo14AaABAg),-9bhyHg3d10
jtf2dan (Reply to Comment ID: UgyqAc1Omqdglhu8I4p4AaABAg),-CgqgkQ-CO4
iskaykabeya609 (Reply to Comment ID: UgxqII0WXIS1tJAbttV4AaABAg),-9bhyHg3d10
robercb77045,-9bhyHg3d10
MrCungaLunga,-CgqgkQ-CO4
JohnSmith-un9jm (Reply to Comment ID: Ugz9QCKwPOXlfbXcrnl4AaABAg),-9bhyHg3d10
rogerbrady7772,-9bhyHg3d10
JacksonMkunja,-9bhyHg3d10
steveborgmalta,-CgqgkQ-CO4
Wally-H,-9bhyHg3d10
user-zu2sj4bl8v,-9bhyHg3d10
billstill1794 (Reply to Comment ID: UgwPNxvp2hxCPLGX5Wh4AaABAg),-CgqgkQ-CO4
ragganyc,-CgqgkQ-CO4
DutchTDK,-2GOtnGXwpY
paulfaigl8329 (Reply to Comment ID: UgwVb7NKbvQUbfTVrWh4AaABAg),-9bhyHg3d10
bsdetecter2556,-9bhyHg3d10
giuseppeleveroni1914,-9bhyHg3d10
DavidGardiner-mu2ft,-9bhyHg3d10
redherring9497 (Reply to Comment ID: Ugx4eWlnoBngzCYajT94AaABAg),-9bhyHg3d10
patrickkolawole4104,-9bhyHg3d10
JohnDoe-wy2py (Reply to Comment ID: Ugy2C4QktdOModb3ONl4AaABAg),-CgqgkQ-CO4
johnnewey596,-9bhyHg3d10
ArchangelGR22 (Reply to Comment ID: UgwNLjKO8wWhrgP3Qo14AaABAg),-9bhyHg3d10
thomaspavelko9412,-2GOtnGXwpY
ssechres,-2GOtnGXwpY
fulcrum_9162,-2GOtnGXwpY
RichardJuukovsky,-9bhyHg3d10
user-mz2wc4jv3l (Reply to Comment ID: Ugwowf-WJNLJZaagJlh4AaABAg),-CgqgkQ-CO4
vorlons100 (Reply to Comment ID: UgxZs3zHE3MLILg_Lhl4AaABAg),-9bhyHg3d10
DKBZA,-9bhyHg3d10
sealifett8395,-9bhyHg3d10
InterviewsWithTheAncients (Reply to Comment ID: UgzjZXtB9eAWVf16Rmt4AaABAg),-CgqgkQ-CO4
MJ-hu7pu,-9bhyHg3d10
michaellee4694,-2GOtnGXwpY
janrandle2896 (Reply to Comment ID: UgwmSbB6rGtZ0VWxSEl4AaABAg),-CgqgkQ-CO4
ridvanpeshkopia8751 (Reply to Comment ID: UgyYDiv-462oorDrviR4AaABAg),-9bhyHg3d10
jasoncp3257,-2GOtnGXwpY
FozzyZ28,-2GOtnGXwpY
michailpanchev9952,-2GOtnGXwpY
user-ko6jm7sb9t,-CgqgkQ-CO4
santinomauriziomastronardi7922,-CgqgkQ-CO4
hihio5,-2GOtnGXwpY
aleksiklove2755 (Reply to Comment ID: UgzVPL0PTw6RlAan_mp4AaABAg),-CgqgkQ-CO4
bunch1962,-CgqgkQ-CO4
denduplobzang4130,-9bhyHg3d10
PlymouthVT (Reply to Comment ID: UgwFuq9ZZAPfkN3vcrV4AaABAg),-CgqgkQ-CO4
Windband1 (Reply to Comment ID: UgzpL8s2bJNVFQwb14F4AaABAg),-9bhyHg3d10
ozodbekmuhammadjonov5779,-CgqgkQ-CO4
centurymemes1208,-CgqgkQ-CO4
Jeffoneil.BanburyHairSalon. (Reply to Comment ID: UgxC0_D5vp4ey-_EN1F4AaABAg),-CgqgkQ-CO4
ronkiser5236,-2GOtnGXwpY
louielouie7806 (Reply to Comment ID: UgwRkG1W3zrniQEh_fF4AaABAg),-9bhyHg3d10
silverheart8173,-2GOtnGXwpY
amyhazelvang7198,-CgqgkQ-CO4
goodsoup6162,-2GOtnGXwpY
hernans4402,-CgqgkQ-CO4
davidmckeown9936,-9bhyHg3d10
pamelaarmas2217,-9bhyHg3d10
runtnate,-9bhyHg3d10
tinaforbes1059 (Reply to Comment ID: Ugwm7Ea50tpbDprBg8x4AaABAg),-9bhyHg3d10
Alex-wb3lm (Reply to Comment ID: UgxuSVRSNXucvoQeN614AaABAg),-9bhyHg3d10
danutarzymkiewicz6423,-9bhyHg3d10
carlbervin8183 (Reply to Comment ID: Ugz1KDXdfjJK0Ut3-et4AaABAg),-9bhyHg3d10
ryanduffy5301,-2GOtnGXwpY
maxaman64 (Reply to Comment ID: UgxouxaNHNLCx6Kh6td4AaABAg),-9bhyHg3d10
williamthomas6962,-9bhyHg3d10
75-qt2hp (Reply to Comment ID: UgyvKoIC1I0boF9ovkZ4AaABAg),-CgqgkQ-CO4
MrVasja46 (Reply to Comment ID: UgxuSVRSNXucvoQeN614AaABAg),-9bhyHg3d10
everready800 (Reply to Comment ID: UgzvuXgG9x6ra2_sf-54AaABAg),-CgqgkQ-CO4
repure1999,-2GOtnGXwpY
noktturnal,-2GOtnGXwpY
Rici319,-9bhyHg3d10
boonemelvin2359,-9bhyHg3d10
ronaldgrove3283 (Reply to Comment ID: UgwUq91cWCyy84jIa1d4AaABAg),-9bhyHg3d10
frjpointlesspodcasts568,-2GOtnGXwpY
jeremygibbs7342 (Reply to Comment ID: UgwaR6EIvIUVEOtOfil4AaABAg),-2GOtnGXwpY
jeffwilsonfhb,-2GOtnGXwpY
LtColwtf (Reply to Comment ID: UgxF-POp0Emr2eUkIKR4AaABAg),-2GOtnGXwpY
marinagrantcharov8400,-9bhyHg3d10
user-rz6yk3jj3o (Reply to Comment ID: UgyakqPIAePRIiG349Z4AaABAg),-CgqgkQ-CO4
markreardon6663,-2GOtnGXwpY
ifv2089 (Reply to Comment ID: UgxXscCxilrkwe1E7h14AaABAg),-2GOtnGXwpY
ViktorBudai-ym5ho,-CgqgkQ-CO4
megavide0 (Reply to Comment ID: UgyADfN5esGEnu_dagx4AaABAg),-9bhyHg3d10
andyhowells1141,-CgqgkQ-CO4
danielmcconnell1096,-2GOtnGXwpY
jeanie6936 (Reply to Comment ID: UgzVPL0PTw6RlAan_mp4AaABAg),-CgqgkQ-CO4
LehmannMr (Reply to Comment ID: UgzmUDSlx7XFoQY-smB4AaABAg),-9bhyHg3d10
larslarsman,-9bhyHg3d10
comet2085,-2GOtnGXwpY
Shadowssassin4444,-2GOtnGXwpY
LenKusov,-2GOtnGXwpY
billdahl7962,-CgqgkQ-CO4
monza1002000,-2GOtnGXwpY
Vilamus (Reply to Comment ID: UgxiKVmvi1F3snJUcJ54AaABAg),-2GOtnGXwpY
user-ii2vi5hw3d,-CgqgkQ-CO4
maryburke1351 (Reply to Comment ID: UgzEB2NWuR2WASa4REB4AaABAg),-9bhyHg3d10
darkopavlic6592 (Reply to Comment ID: Ugw3o-62LTDCkAqjZ6J4AaABAg),-9bhyHg3d10
aleksiklove2755 (Reply to Comment ID: UgzEX3y8KZ2zCtv6kbV4AaABAg),-CgqgkQ-CO4
kylelee8685 (Reply to Comment ID: UgysoE_3HjZJkc7iOYt4AaABAg),-2GOtnGXwpY
leeanderironside1898,-9bhyHg3d10
robertotamesis1783,-9bhyHg3d10
user-zi2ci5cp1m,-CgqgkQ-CO4
astridtikal9738,-9bhyHg3d10
deonster1 (Reply to Comment ID: UgzEB2NWuR2WASa4REB4AaABAg),-9bhyHg3d10
Tony-ft4jp (Reply to Comment ID: UgxouxaNHNLCx6Kh6td4AaABAg),-9bhyHg3d10
ursinecanine9657 (Reply to Comment ID: UgzGOOSlqiXImhccpbx4AaABAg),-CgqgkQ-CO4
Dethmegadeth,-2GOtnGXwpY
derekmckeown4478,-9bhyHg3d10
willymueller3278 (Reply to Comment ID: UgxuSVRSNXucvoQeN614AaABAg),-9bhyHg3d10
75-qt2hp (Reply to Comment ID: UgzM6c6Tu_E86ME6eFF4AaABAg),-CgqgkQ-CO4
jaydogthepro6079,-2GOtnGXwpY
W.J.Blythe,-9bhyHg3d10
elbaz860,-CgqgkQ-CO4
augustinejkoava2499,-9bhyHg3d10
stevenhendrix4768 (Reply to Comment ID: UgylgZU5dmwdyxBT4114AaABAg),-9bhyHg3d10
haalstaag (Reply to Comment ID: Ugz1kKABM0xANCRTkHJ4AaABAg),-CgqgkQ-CO4
anticorruptionagenda5106,-9bhyHg3d10
mikejohson,-9bhyHg3d10
erikabezuidenhout8555,-9bhyHg3d10
eliasphiniotis,-9bhyHg3d10
kenbattor6350,-2GOtnGXwpY
brucegordon9007 (Reply to Comment ID: UgwkBomjz7EginDXQVF4AaABAg),-9bhyHg3d10
75-qt2hp (Reply to Comment ID: Ugwp1iHqi31n2BqCz9B4AaABAg),-CgqgkQ-CO4
MikeJohnsonPutinPuppet (Reply to Comment ID: UgzciZ2KnvbAHXn5N654AaABAg),-CgqgkQ-CO4
fredaheunes8659,-9bhyHg3d10
user-se3wn2df7x,-9bhyHg3d10
PrestonStewart (Reply to Comment ID: UgxNla-xm69N4GWlirx4AaABAg),-2GOtnGXwpY
engineerenginering8633,-9bhyHg3d10
HansTheilLuiz,-2GOtnGXwpY
billstill1794 (Reply to Comment ID: UgwaP7uzHX6TYasHzZh4AaABAg),-CgqgkQ-CO4
75-qt2hp (Reply to Comment ID: UgyV6Zeq16-4m6CIf0h4AaABAg),-CgqgkQ-CO4
user-ot8sf9if9s (Reply to Comment ID: UgyqAc1Omqdglhu8I4p4AaABAg),-CgqgkQ-CO4
user-rv4hf9uv4h,-9bhyHg3d10
willymueller3278 (Reply to Comment ID: Ugy1jeG7_-HQJDfyZU94AaABAg),-9bhyHg3d10
pinkgarage,-9bhyHg3d10
vitorlopes2064,-9bhyHg3d10
Blobby192 (Reply to Comment ID: UgyYDiv-462oorDrviR4AaABAg),-9bhyHg3d10
karlsalomon1723,-9bhyHg3d10
user-ge9tl2lc1z,-9bhyHg3d10
recieve.believe3344 (Reply to Comment ID: Ugz_RlfZHB7JaGlnBBF4AaABAg),-9bhyHg3d10
kamidesu6414,-2GOtnGXwpY
JacobNewmen,-9bhyHg3d10
Gearparadummies,-2GOtnGXwpY
genelarson6849,-9bhyHg3d10
n3clar,-9bhyHg3d10
AO-ow6tt,-9bhyHg3d10
thew.o.p.835,-2GOtnGXwpY
itsmeHannah00,-9bhyHg3d10
jimlowis1878,-9bhyHg3d10
russellk.bonney8534,-9bhyHg3d10
nonevarda2742,-9bhyHg3d10
ho1224,-2GOtnGXwpY
joshuaapplegarth9566 (Reply to Comment ID: UgwjlyL4Xo9f0VnLLTp4AaABAg),-2GOtnGXwpY
eattherich2,-9bhyHg3d10
josephsaju1004 (Reply to Comment ID: UgzEDqWugARyRbn90tZ4AaABAg),-CgqgkQ-CO4
kempo79,-9bhyHg3d10
Cimanggis,-9bhyHg3d10
carlosmbaziira4137,-9bhyHg3d10
joycebaron672 (Reply to Comment ID: UgxuSVRSNXucvoQeN614AaABAg),-9bhyHg3d10
louie9076,-9bhyHg3d10
carlosaacosta9235,-9bhyHg3d10
Tom-ym7bm,-9bhyHg3d10
PrestonStewart (Reply to Comment ID: UgzEpFalpQAebDg2Y8J4AaABAg),-2GOtnGXwpY
kkkoooii (Reply to Comment ID: UgxFSroV73SeJjNf3it4AaABAg),-9bhyHg3d10
makersmark1974,-2GOtnGXwpY
someturkishguy8638,-2GOtnGXwpY
libertarianbydefault,-9bhyHg3d10
NotKameron,-2GOtnGXwpY
jamesskycruz8278,-9bhyHg3d10
paulfaigl8329 (Reply to Comment ID: Ugx4eWlnoBngzCYajT94AaABAg),-9bhyHg3d10
lord_narnia359 (Reply to Comment ID: UgzdOBaZcDnnqmtt4LJ4AaABAg),-2GOtnGXwpY
evets1709 (Reply to Comment ID: Ugz47Amws-i300b8M-t4AaABAg),-9bhyHg3d10
TheJon2442 (Reply to Comment ID: UgzEDqWugARyRbn90tZ4AaABAg),-CgqgkQ-CO4
ronsanders3497,-2GOtnGXwpY
pops7249,-2GOtnGXwpY
onyxcrusader9536,-2GOtnGXwpY
MrArtist7777,-9bhyHg3d10
klotus8885,-9bhyHg3d10
user-wd9ls6xl2u,-CgqgkQ-CO4
nicksechena1422,-2GOtnGXwpY
GlobalPower898,-CgqgkQ-CO4
TheOwlGuy777 (Reply to Comment ID: UgwFuq9ZZAPfkN3vcrV4AaABAg),-CgqgkQ-CO4
BungieStudios,-2GOtnGXwpY
jemacofra (Reply to Comment ID: UgwFuq9ZZAPfkN3vcrV4AaABAg),-CgqgkQ-CO4
HDR422,-9bhyHg3d10
user-yg2vy2er4t (Reply to Comment ID: Ugy2C4QktdOModb3ONl4AaABAg),-CgqgkQ-CO4
thunderball1398,-2GOtnGXwpY
dmitrysviridon (Reply to Comment ID: UgzLPmcEcA8YI7iVCCB4AaABAg),-CgqgkQ-CO4
jrooksable,-2GOtnGXwpY
philipbass9909,-9bhyHg3d10
MarkWright-fg4zv,-9bhyHg3d10
ciuyr2510,-CgqgkQ-CO4
xcloud777,-CgqgkQ-CO4
edwingan1988,-9bhyHg3d10
lsjohn,-9bhyHg3d10
sebastianharris-aldred8057,-2GOtnGXwpY
cattinkerbell4946,-CgqgkQ-CO4
zinodavidoff5665,-2GOtnGXwpY
nickkennedy9034,-2GOtnGXwpY
user-mi2qw3ns4u (Reply to Comment ID: Ugx0ULON9UPcYcxp2LV4AaABAg),-9bhyHg3d10
ostrichhe4d,-2GOtnGXwpY
davidcmather,-9bhyHg3d10
scanpolar,-CgqgkQ-CO4
55tah,-2GOtnGXwpY
ellalovetheshowcaine8939,-9bhyHg3d10
BC-Freedom-High,-2GOtnGXwpY
jannelona6457,-9bhyHg3d10
carlroberts9347 (Reply to Comment ID: UgzEDqWugARyRbn90tZ4AaABAg),-CgqgkQ-CO4
rabbott-ee4yu,-CgqgkQ-CO4
JGor_37F,-2GOtnGXwpY
sjonnieplayfull5859 (Reply to Comment ID: UgysoE_3HjZJkc7iOYt4AaABAg),-2GOtnGXwpY
user-tk2wb1ju8k,-CgqgkQ-CO4
DEFRANCEOlivier (Reply to Comment ID: Ugw3o-62LTDCkAqjZ6J4AaABAg),-9bhyHg3d10
Dark_Bandon (Reply to Comment ID: UgwRWY0bOFfl80xQf854AaABAg),-CgqgkQ-CO4
zanderford3202,-9bhyHg3d10
banana.3009 (Reply to Comment ID: UgxXscCxilrkwe1E7h14AaABAg),-2GOtnGXwpY
fdllicks,-9bhyHg3d10
cykelpump2 (Reply to Comment ID: Ugzz6NOFzYJLvsBSY754AaABAg),-CgqgkQ-CO4
boobopish (Reply to Comment ID: UgzIjOp0RnYppTgIMp54AaABAg),-CgqgkQ-CO4
Bobskiboy85,-9bhyHg3d10
garypatrick7817,-9bhyHg3d10
kkkoooii (Reply to Comment ID: Ugyx5H1AWf4oGc1yw9x4AaABAg),-9bhyHg3d10
Howtohandlemebaby8173,-2GOtnGXwpY
Solesz (Reply to Comment ID: UgzGy2nmG7Hv-pcq9Ad4AaABAg),-2GOtnGXwpY
RobertoEarnywho (Reply to Comment ID: UgyvXj9tju6YVjMocid4AaABAg),-9bhyHg3d10
user-wj9fg8vf3d,-9bhyHg3d10
ScubaShark--8964,-2GOtnGXwpY
aleksandarjokic2918 (Reply to Comment ID: UgzGOOSlqiXImhccpbx4AaABAg),-CgqgkQ-CO4
dorienberteletti2129 (Reply to Comment ID: Ugyj5lKBLHMUcpEPvRl4AaABAg),-9bhyHg3d10
jacquesbeliveau8531,-9bhyHg3d10
stephenhickman304,-9bhyHg3d10
rjb6327 (Reply to Comment ID: UgxrVp8ConEUa4sJgNZ4AaABAg),-CgqgkQ-CO4
Scanfish1,-9bhyHg3d10
uribensh,-CgqgkQ-CO4
zv4822 (Reply to Comment ID: UgzrlSOCBHznHuANrWB4AaABAg),-9bhyHg3d10
blackavenger2437,-9bhyHg3d10
LehmannMr,-9bhyHg3d10
matro2 (Reply to Comment ID: UgzEeZ_6XAygaRsVhZZ4AaABAg),-9bhyHg3d10
2003AudiS3 (Reply to Comment ID: Ugy3BTnA_1-EL7StWXB4AaABAg),-CgqgkQ-CO4
zjpdarkblaze (Reply to Comment ID: UgwRWY0bOFfl80xQf854AaABAg),-CgqgkQ-CO4
niv8880,-CgqgkQ-CO4
ozgba1913,-9bhyHg3d10
factstruth8007,-CgqgkQ-CO4
ambu6478,-9bhyHg3d10
kirilln4183,-9bhyHg3d10
JanLion-zb1bd,-9bhyHg3d10
michaelwingreen9141 (Reply to Comment ID: UgxDS2GvQLc6GNggkqJ4AaABAg),-9bhyHg3d10
roddyboyd3190 (Reply to Comment ID: UgzGOOSlqiXImhccpbx4AaABAg),-CgqgkQ-CO4
billrogers3139,-2GOtnGXwpY
ericmccullough6611,-9bhyHg3d10
essardaudinett6934,-9bhyHg3d10
TheSubpremeState (Reply to Comment ID: UgxuSVRSNXucvoQeN614AaABAg),-9bhyHg3d10
theturbomedia1 (Reply to Comment ID: Ugwua8AI-7RisHsYTKZ4AaABAg),-9bhyHg3d10
SergeiSerb (Reply to Comment ID: UgzGOOSlqiXImhccpbx4AaABAg),-CgqgkQ-CO4
ahmadbayat5394,-2GOtnGXwpY
allentouchstone2440,-9bhyHg3d10
khiem1939 (Reply to Comment ID: UgzEeZ_6XAygaRsVhZZ4AaABAg),-9bhyHg3d10
jonathanstein5049,-9bhyHg3d10
mkangas2264,-9bhyHg3d10
maximusaurelius610,-2GOtnGXwpY
markrowland1366,-2GOtnGXwpY
curtgomes (Reply to Comment ID: Ugw1OiRRGSX_OX5NaGt4AaABAg),-9bhyHg3d10
geraldorford8836,-CgqgkQ-CO4
cooljeffrox (Reply to Comment ID: UgxrCqhweXYBn_ic4OF4AaABAg),-9bhyHg3d10
user-mi2qw3ns4u (Reply to Comment ID: UgxuSVRSNXucvoQeN614AaABAg),-9bhyHg3d10
jonlamontagne (Reply to Comment ID: Ugw9WB4WFhzopIn5xW54AaABAg),-2GOtnGXwpY
chw5044,-9bhyHg3d10
lancemanfredi6123 (Reply to Comment ID: UgzEB2NWuR2WASa4REB4AaABAg),-9bhyHg3d10
willymueller3278 (Reply to Comment ID: Ugyj5lKBLHMUcpEPvRl4AaABAg),-9bhyHg3d10
generalpierogi7781,-9bhyHg3d10
LeonelMartinez-lk9iv,-9bhyHg3d10
khiem1939,-9bhyHg3d10
robertolang9684 (Reply to Comment ID: Ugw1OiRRGSX_OX5NaGt4AaABAg),-9bhyHg3d10
soldatdaniels8738,-2GOtnGXwpY
justafriend3408,-9bhyHg3d10
greatgandalf5233,-2GOtnGXwpY
korelly (Reply to Comment ID: UgxD4oXcybEu7VZfEAx4AaABAg),-9bhyHg3d10
willymueller3278 (Reply to Comment ID: UgxrCqhweXYBn_ic4OF4AaABAg),-9bhyHg3d10
paulpincott,-CgqgkQ-CO4
anthonydefex3465,-CgqgkQ-CO4
willymueller3278,-9bhyHg3d10
Aasn9,-9bhyHg3d10
keithmerce3863,-2GOtnGXwpY
TheNutter44 (Reply to Comment ID: Ugwdh-CurWLhPm6F9fd4AaABAg),-9bhyHg3d10
revenge52,-9bhyHg3d10
user-wj9fg8vf3d (Reply to Comment ID: Ugwua8AI-7RisHsYTKZ4AaABAg),-9bhyHg3d10
Nobody-cw4wm,-CgqgkQ-CO4
4OHz,-2GOtnGXwpY
malindafrank.028,-9bhyHg3d10
jozefhiacint5784,-9bhyHg3d10
55xr28 (Reply to Comment ID: Ugy1jeG7_-HQJDfyZU94AaABAg),-9bhyHg3d10
chadwhitman1811,-2GOtnGXwpY
MinisterHenry-jc3vk,-9bhyHg3d10
shploonsk (Reply to Comment ID: UgyHs0AQ2RmIzjoZr5J4AaABAg),-CgqgkQ-CO4
babyfacemichael1,-CgqgkQ-CO4
carlray4809,-2GOtnGXwpY
guderian7795,-2GOtnGXwpY
75-qt2hp (Reply to Comment ID: UgyqAc1Omqdglhu8I4p4AaABAg),-CgqgkQ-CO4
user-ne1bk4ni5z,-CgqgkQ-CO4
baophuc999,-CgqgkQ-CO4
bachristus,-CgqgkQ-CO4
WeejimmySnazberry (Reply to Comment ID: UgwfWB_y-lVb5TMgdbx4AaABAg),-CgqgkQ-CO4
ingostawitz1140,-9bhyHg3d10
penttikoponen7170,-9bhyHg3d10
Jeffoneil.BanburyHairSalon. (Reply to Comment ID: UgyHs0AQ2RmIzjoZr5J4AaABAg),-CgqgkQ-CO4
